r2	d_prime	r2_normalized	d_prime_normalized	total	countAB	countAb	countaB	countab	allele_A	allele_a	allele_B	allele_b	distance	position_A	position_B	scaffold
0.00907029478458067	1.0	0.005847953216374271	1.0	23	19	2	2	0	C	T	A	T	2	31	33	hCoV-19_Wuhan_WIV04_2019_EPI_ISL_402124_2019-12-30
0.01754385964912257	1.0	0.02777777777777779	1.0	21	16	3	2	0	C	T	A	T	3	31	34	hCoV-19_Wuhan_WIV04_2019_EPI_ISL_402124_2019-12-30
0.4473684210526319	1.0	0.21052631578947364	0.9999999999999998	21	17	2	0	2	C	T	C	T	4	31	35	hCoV-19_Wuhan_WIV04_2019_EPI_ISL_402124_2019-12-30
0.1096491228070171	0.4166666666666666	0.009287925696594423	1.0	21	17	2	1	1	A	T	A	T	1	33	34	hCoV-19_Wuhan_WIV04_2019_EPI_ISL_402124_2019-12-30
0.4473684210526319	1.0			21	17	2	0	2	A	T	C	T	2	33	35	hCoV-19_Wuhan_WIV04_2019_EPI_ISL_402124_2019-12-30
0.030483405483405605	0.2063492063492064	0.037037037037037035	1.0	25	19	3	2	1	A	T	C	T	1	34	35	hCoV-19_Wuhan_WIV04_2019_EPI_ISL_402124_2019-12-30
0.9999999999999996	1.0			76	71	0	0	5	C	A	A	T	1	10543	10544	hCoV-19_Wuhan_WIV04_2019_EPI_ISL_402124_2019-12-30
1.0000000000000009	1.0	1.0	1.0	73	68	0	0	5	C	A	T	A	4	10543	10547	hCoV-19_Wuhan_WIV04_2019_EPI_ISL_402124_2019-12-30
0.9999999999999986	1.0	1.0	1.0	81	75	0	0	6	A	T	T	A	3	10544	10547	hCoV-19_Wuhan_WIV04_2019_EPI_ISL_402124_2019-12-30
0.9999999999999976	1.0			95	89	0	0	6	T	G	A	C	1	14221	14222	hCoV-19_Wuhan_WIV04_2019_EPI_ISL_402124_2019-12-30
0.025745738636363584	1.0	0.047619047619047616	1.0	93	59	5	29	0	C	T	G	A	13	28868	28881	hCoV-19_Wuhan_WIV04_2019_EPI_ISL_402124_2019-12-30
