scaffold,position,position_coverage,allele_count,ref_base,con_base,var_base,ref_freq,con_freq,var_freq,A,C,T,G,cryptic,class,sample,key,key_freq
hCoV-19_Wuhan_WIV04_2019_EPI_ISL_402124_2019-12-30,240,12,1,C,T,A,0.0,1.0,0.0,0,0,12,0,False,SNS,5_28_S-mapq20_c3_insert0_fdr8_l9,"(240, 'T')",1.0
hCoV-19_Wuhan_WIV04_2019_EPI_ISL_402124_2019-12-30,1569,11,2,T,T,C,0.8181818181818182,0.8181818181818182,0.18181818181818185,0,2,9,0,False,SNV,5_28_S-mapq20_c3_insert0_fdr8_l9,"(1569, 'C')",0.18181818181818182
hCoV-19_Wuhan_WIV04_2019_EPI_ISL_402124_2019-12-30,2188,10,2,C,C,T,0.8,0.8,0.2,0,8,2,0,False,SNV,5_28_S-mapq20_c3_insert0_fdr8_l9,"(2188, 'T')",0.2
hCoV-19_Wuhan_WIV04_2019_EPI_ISL_402124_2019-12-30,2190,11,2,T,T,C,0.8181818181818182,0.8181818181818182,0.18181818181818185,0,2,9,0,False,SNV,5_28_S-mapq20_c3_insert0_fdr8_l9,"(2190, 'C')",0.18181818181818182
hCoV-19_Wuhan_WIV04_2019_EPI_ISL_402124_2019-12-30,2192,10,2,G,G,T,0.8,0.8,0.2,0,0,2,8,False,SNV,5_28_S-mapq20_c3_insert0_fdr8_l9,"(2192, 'T')",0.2
hCoV-19_Wuhan_WIV04_2019_EPI_ISL_402124_2019-12-30,2194,10,2,G,G,A,0.8,0.8,0.2,2,0,0,8,False,SNV,5_28_S-mapq20_c3_insert0_fdr8_l9,"(2194, 'A')",0.2
hCoV-19_Wuhan_WIV04_2019_EPI_ISL_402124_2019-12-30,2667,3,1,C,T,C,0.3333333333333333,0.6666666666666666,0.3333333333333333,0,1,2,0,False,SNS,5_28_S-mapq20_c3_insert0_fdr8_l9,"(2667, 'T')",0.6666666666666666
hCoV-19_Wuhan_WIV04_2019_EPI_ISL_402124_2019-12-30,3036,7,1,C,T,A,0.0,1.0,0.0,0,0,7,0,False,SNS,5_28_S-mapq20_c3_insert0_fdr8_l9,"(3036, 'T')",1.0
hCoV-19_Wuhan_WIV04_2019_EPI_ISL_402124_2019-12-30,3191,11,2,A,A,C,0.8181818181818182,0.8181818181818182,0.18181818181818185,9,2,0,0,False,SNV,5_28_S-mapq20_c3_insert0_fdr8_l9,"(3191, 'C')",0.18181818181818182
hCoV-19_Wuhan_WIV04_2019_EPI_ISL_402124_2019-12-30,3896,6,2,T,T,C,0.6666666666666666,0.6666666666666666,0.3333333333333333,0,2,4,0,False,SNV,5_28_S-mapq20_c3_insert0_fdr8_l9,"(3896, 'C')",0.3333333333333333
hCoV-19_Wuhan_WIV04_2019_EPI_ISL_402124_2019-12-30,4964,10,2,C,C,T,0.8,0.8,0.2,0,8,2,0,False,SNV,5_28_S-mapq20_c3_insert0_fdr8_l9,"(4964, 'T')",0.2
hCoV-19_Wuhan_WIV04_2019_EPI_ISL_402124_2019-12-30,7506,5,2,A,A,C,0.6,0.6,0.4,3,2,0,0,False,SNV,5_28_S-mapq20_c3_insert0_fdr8_l9,"(7506, 'C')",0.4
hCoV-19_Wuhan_WIV04_2019_EPI_ISL_402124_2019-12-30,9501,4,2,C,C,T,0.5,0.5,0.5,0,2,2,0,False,SNV,5_28_S-mapq20_c3_insert0_fdr8_l9,"(9501, 'T')",0.5
hCoV-19_Wuhan_WIV04_2019_EPI_ISL_402124_2019-12-30,9886,12,2,T,T,A,0.75,0.75,0.25,3,0,9,0,False,SNV,5_28_S-mapq20_c3_insert0_fdr8_l9,"(9886, 'A')",0.25
hCoV-19_Wuhan_WIV04_2019_EPI_ISL_402124_2019-12-30,9889,10,2,G,G,T,0.8,0.8,0.2,0,0,2,8,False,SNV,5_28_S-mapq20_c3_insert0_fdr8_l9,"(9889, 'T')",0.2
hCoV-19_Wuhan_WIV04_2019_EPI_ISL_402124_2019-12-30,9890,12,2,C,C,T,0.75,0.75,0.25,0,9,3,0,False,SNV,5_28_S-mapq20_c3_insert0_fdr8_l9,"(9890, 'T')",0.25
hCoV-19_Wuhan_WIV04_2019_EPI_ISL_402124_2019-12-30,10771,3,1,G,A,A,0.0,1.0,1.0,3,0,0,0,False,SNS,5_28_S-mapq20_c3_insert0_fdr8_l9,"(10771, 'A')",1.0
hCoV-19_Wuhan_WIV04_2019_EPI_ISL_402124_2019-12-30,11523,11,2,T,T,G,0.8181818181818182,0.8181818181818182,0.18181818181818185,0,0,9,2,False,SNV,5_28_S-mapq20_c3_insert0_fdr8_l9,"(11523, 'G')",0.18181818181818182
hCoV-19_Wuhan_WIV04_2019_EPI_ISL_402124_2019-12-30,11527,12,2,G,G,A,0.8333333333333334,0.8333333333333334,0.16666666666666666,2,0,0,10,False,SNV,5_28_S-mapq20_c3_insert0_fdr8_l9,"(11527, 'A')",0.16666666666666666
hCoV-19_Wuhan_WIV04_2019_EPI_ISL_402124_2019-12-30,11530,12,2,A,A,T,0.8333333333333334,0.8333333333333334,0.16666666666666666,10,0,2,0,False,SNV,5_28_S-mapq20_c3_insert0_fdr8_l9,"(11530, 'T')",0.16666666666666666
hCoV-19_Wuhan_WIV04_2019_EPI_ISL_402124_2019-12-30,12788,16,2,C,C,G,0.875,0.875,0.125,0,14,0,2,False,SNV,5_28_S-mapq20_c3_insert0_fdr8_l9,"(12788, 'G')",0.125
hCoV-19_Wuhan_WIV04_2019_EPI_ISL_402124_2019-12-30,15301,8,2,A,A,C,0.75,0.75,0.25,6,2,0,0,False,SNV,5_28_S-mapq20_c3_insert0_fdr8_l9,"(15301, 'C')",0.25
hCoV-19_Wuhan_WIV04_2019_EPI_ISL_402124_2019-12-30,17915,7,2,A,A,G,0.7142857142857143,0.7142857142857143,0.2857142857142857,5,0,0,2,False,SNV,5_28_S-mapq20_c3_insert0_fdr8_l9,"(17915, 'G')",0.2857142857142857
hCoV-19_Wuhan_WIV04_2019_EPI_ISL_402124_2019-12-30,17919,7,2,A,A,G,0.7142857142857143,0.7142857142857143,0.2857142857142857,5,0,0,2,False,SNV,5_28_S-mapq20_c3_insert0_fdr8_l9,"(17919, 'G')",0.2857142857142857
hCoV-19_Wuhan_WIV04_2019_EPI_ISL_402124_2019-12-30,17929,7,2,T,T,G,0.7142857142857143,0.7142857142857143,0.2857142857142857,0,0,5,2,False,SNV,5_28_S-mapq20_c3_insert0_fdr8_l9,"(17929, 'G')",0.2857142857142857
hCoV-19_Wuhan_WIV04_2019_EPI_ISL_402124_2019-12-30,17931,8,2,A,A,C,0.75,0.75,0.25,6,2,0,0,False,SNV,5_28_S-mapq20_c3_insert0_fdr8_l9,"(17931, 'C')",0.25
hCoV-19_Wuhan_WIV04_2019_EPI_ISL_402124_2019-12-30,18309,6,2,G,G,T,0.6666666666666666,0.6666666666666666,0.3333333333333333,0,0,2,4,False,SNV,5_28_S-mapq20_c3_insert0_fdr8_l9,"(18309, 'T')",0.3333333333333333
hCoV-19_Wuhan_WIV04_2019_EPI_ISL_402124_2019-12-30,18840,8,2,C,C,T,0.75,0.75,0.25,0,6,2,0,False,SNV,5_28_S-mapq20_c3_insert0_fdr8_l9,"(18840, 'T')",0.25
hCoV-19_Wuhan_WIV04_2019_EPI_ISL_402124_2019-12-30,18841,8,2,A,A,T,0.75,0.75,0.25,6,0,2,0,False,SNV,5_28_S-mapq20_c3_insert0_fdr8_l9,"(18841, 'T')",0.25
hCoV-19_Wuhan_WIV04_2019_EPI_ISL_402124_2019-12-30,18997,7,2,C,C,T,0.7142857142857143,0.7142857142857143,0.2857142857142857,0,5,2,0,False,SNV,5_28_S-mapq20_c3_insert0_fdr8_l9,"(18997, 'T')",0.2857142857142857
hCoV-19_Wuhan_WIV04_2019_EPI_ISL_402124_2019-12-30,21074,8,2,T,T,C,0.75,0.75,0.25,0,2,6,0,False,SNV,5_28_S-mapq20_c3_insert0_fdr8_l9,"(21074, 'C')",0.25
hCoV-19_Wuhan_WIV04_2019_EPI_ISL_402124_2019-12-30,21247,16,2,T,T,G,0.875,0.875,0.125,0,0,14,2,False,SNV,5_28_S-mapq20_c3_insert0_fdr8_l9,"(21247, 'G')",0.125
hCoV-19_Wuhan_WIV04_2019_EPI_ISL_402124_2019-12-30,21443,22,2,A,A,T,0.9090909090909092,0.9090909090909092,0.09090909090909093,20,0,2,0,False,SNV,5_28_S-mapq20_c3_insert0_fdr8_l9,"(21443, 'T')",0.09090909090909091
hCoV-19_Wuhan_WIV04_2019_EPI_ISL_402124_2019-12-30,21450,20,2,G,G,T,0.9,0.9,0.1,0,0,2,18,False,SNV,5_28_S-mapq20_c3_insert0_fdr8_l9,"(21450, 'T')",0.1
hCoV-19_Wuhan_WIV04_2019_EPI_ISL_402124_2019-12-30,23402,8,1,A,G,A,0.0,1.0,0.0,0,0,0,8,False,SNS,5_28_S-mapq20_c3_insert0_fdr8_l9,"(23402, 'G')",1.0
hCoV-19_Wuhan_WIV04_2019_EPI_ISL_402124_2019-12-30,25562,9,2,G,T,G,0.3333333333333333,0.6666666666666666,0.3333333333333333,0,0,6,3,False,con_SNV,5_28_S-mapq20_c3_insert0_fdr8_l9,"(25562, 'T')",0.6666666666666666
hCoV-19_Wuhan_WIV04_2019_EPI_ISL_402124_2019-12-30,26553,5,2,A,A,G,0.6,0.6,0.4,3,0,0,2,False,SNV,5_28_S-mapq20_c3_insert0_fdr8_l9,"(26553, 'G')",0.4
hCoV-19_Wuhan_WIV04_2019_EPI_ISL_402124_2019-12-30,27863,13,2,C,C,A,0.8461538461538461,0.8461538461538461,0.15384615384615385,2,11,0,0,False,SNV,5_28_S-mapq20_c3_insert0_fdr8_l9,"(27863, 'A')",0.15384615384615385
hCoV-19_Wuhan_WIV04_2019_EPI_ISL_402124_2019-12-30,28008,12,2,T,T,C,0.8333333333333334,0.8333333333333334,0.16666666666666666,0,2,10,0,False,SNV,5_28_S-mapq20_c3_insert0_fdr8_l9,"(28008, 'C')",0.16666666666666666
hCoV-19_Wuhan_WIV04_2019_EPI_ISL_402124_2019-12-30,28377,26,2,G,G,T,0.8846153846153846,0.8846153846153846,0.1153846153846154,0,0,3,23,False,SNV,5_28_S-mapq20_c3_insert0_fdr8_l9,"(28377, 'T')",0.11538461538461539
hCoV-19_Wuhan_WIV04_2019_EPI_ISL_402124_2019-12-30,28880,33,2,G,G,A,0.696969696969697,0.696969696969697,0.2727272727272727,9,0,1,23,False,SNV,5_28_S-mapq20_c3_insert0_fdr8_l9,"(28880, 'A')",0.2727272727272727
hCoV-19_Wuhan_WIV04_2019_EPI_ISL_402124_2019-12-30,28881,33,2,G,G,A,0.7272727272727273,0.7272727272727273,0.2727272727272727,9,0,0,24,False,SNV,5_28_S-mapq20_c3_insert0_fdr8_l9,"(28881, 'A')",0.2727272727272727
hCoV-19_Wuhan_WIV04_2019_EPI_ISL_402124_2019-12-30,28882,33,2,G,G,C,0.7272727272727273,0.7272727272727273,0.2727272727272727,0,9,0,24,False,SNV,5_28_S-mapq20_c3_insert0_fdr8_l9,"(28882, 'C')",0.2727272727272727
hCoV-19_Wuhan_WIV04_2019_EPI_ISL_402124_2019-12-30,28925,36,2,C,C,T,0.9444444444444444,0.9444444444444444,0.05555555555555555,0,34,2,0,True,SNV,5_28_S-mapq20_c3_insert0_fdr8_l9,"(28925, 'T')",0.05555555555555555
hCoV-19_Wuhan_WIV04_2019_EPI_ISL_402124_2019-12-30,29094,37,2,C,C,T,0.8918918918918919,0.8918918918918919,0.10810810810810813,0,33,4,0,False,SNV,5_28_S-mapq20_c3_insert0_fdr8_l9,"(29094, 'T')",0.10810810810810811
hCoV-19_Wuhan_WIV04_2019_EPI_ISL_402124_2019-12-30,29539,23,2,G,G,A,0.8695652173913043,0.8695652173913043,0.08695652173913042,2,0,1,20,False,SNV,5_28_S-mapq20_c3_insert0_fdr8_l9,"(29539, 'A')",0.08695652173913043
hCoV-19_Wuhan_WIV04_2019_EPI_ISL_402124_2019-12-30,29540,23,2,C,C,G,0.9130434782608696,0.9130434782608696,0.08695652173913042,0,21,0,2,False,SNV,5_28_S-mapq20_c3_insert0_fdr8_l9,"(29540, 'G')",0.08695652173913043
hCoV-19_Wuhan_WIV04_2019_EPI_ISL_402124_2019-12-30,29732,18,2,C,C,T,0.8888888888888888,0.8888888888888888,0.1111111111111111,0,16,2,0,False,SNV,5_28_S-mapq20_c3_insert0_fdr8_l9,"(29732, 'T')",0.1111111111111111
hCoV-19_Wuhan_WIV04_2019_EPI_ISL_402124_2019-12-30,240,83,1,C,T,A,0.0,1.0,0.0,0,0,83,0,False,SNS,MR_7_1_MOS-mapq20_c3_insert0_fdr8_l9,"(240, 'T')",1.0
hCoV-19_Wuhan_WIV04_2019_EPI_ISL_402124_2019-12-30,1058,68,1,C,T,C,0.029411764705882363,0.9705882352941176,0.029411764705882363,0,2,66,0,False,SNS,MR_7_1_MOS-mapq20_c3_insert0_fdr8_l9,"(1058, 'T')",0.9705882352941176
hCoV-19_Wuhan_WIV04_2019_EPI_ISL_402124_2019-12-30,1384,97,2,C,T,C,0.24742268041237114,0.7525773195876289,0.24742268041237114,0,24,73,0,False,con_SNV,MR_7_1_MOS-mapq20_c3_insert0_fdr8_l9,"(1384, 'T')",0.7525773195876289
hCoV-19_Wuhan_WIV04_2019_EPI_ISL_402124_2019-12-30,1737,83,2,G,T,G,0.2530120481927711,0.7349397590361446,0.2530120481927711,1,0,61,21,False,con_SNV,MR_7_1_MOS-mapq20_c3_insert0_fdr8_l9,"(1737, 'T')",0.7349397590361446
hCoV-19_Wuhan_WIV04_2019_EPI_ISL_402124_2019-12-30,2606,55,2,C,C,A,0.9454545454545454,0.9454545454545454,0.054545454545454536,3,52,0,0,False,SNV,MR_7_1_MOS-mapq20_c3_insert0_fdr8_l9,"(2606, 'A')",0.05454545454545454
hCoV-19_Wuhan_WIV04_2019_EPI_ISL_402124_2019-12-30,3036,88,1,C,T,A,0.0,1.0,0.0,0,0,88,0,False,SNS,MR_7_1_MOS-mapq20_c3_insert0_fdr8_l9,"(3036, 'T')",1.0
hCoV-19_Wuhan_WIV04_2019_EPI_ISL_402124_2019-12-30,3241,88,2,G,A,G,0.2954545454545455,0.7045454545454546,0.2954545454545455,62,0,0,26,False,con_SNV,MR_7_1_MOS-mapq20_c3_insert0_fdr8_l9,"(3241, 'A')",0.7045454545454546
hCoV-19_Wuhan_WIV04_2019_EPI_ISL_402124_2019-12-30,7506,84,2,A,A,C,0.9404761904761904,0.9404761904761904,0.05952380952380953,79,5,0,0,False,SNV,MR_7_1_MOS-mapq20_c3_insert0_fdr8_l9,"(7506, 'C')",0.05952380952380952
hCoV-19_Wuhan_WIV04_2019_EPI_ISL_402124_2019-12-30,8082,92,2,G,G,A,0.7608695652173914,0.7608695652173914,0.2391304347826087,22,0,0,70,False,SNV,MR_7_1_MOS-mapq20_c3_insert0_fdr8_l9,"(8082, 'A')",0.2391304347826087
hCoV-19_Wuhan_WIV04_2019_EPI_ISL_402124_2019-12-30,8882,95,2,T,T,C,0.9368421052631579,0.9368421052631579,0.06315789473684211,0,6,89,0,False,SNV,MR_7_1_MOS-mapq20_c3_insert0_fdr8_l9,"(8882, 'C')",0.06315789473684211
hCoV-19_Wuhan_WIV04_2019_EPI_ISL_402124_2019-12-30,9501,80,2,C,C,T,0.95,0.95,0.05,0,76,4,0,False,SNV,MR_7_1_MOS-mapq20_c3_insert0_fdr8_l9,"(9501, 'T')",0.05
hCoV-19_Wuhan_WIV04_2019_EPI_ISL_402124_2019-12-30,9890,80,2,C,C,T,0.95,0.95,0.05,0,76,4,0,True,SNV,MR_7_1_MOS-mapq20_c3_insert0_fdr8_l9,"(9890, 'T')",0.05
hCoV-19_Wuhan_WIV04_2019_EPI_ISL_402124_2019-12-30,10318,92,2,C,C,T,0.7173913043478259,0.7173913043478259,0.2826086956521739,0,66,26,0,False,SNV,MR_7_1_MOS-mapq20_c3_insert0_fdr8_l9,"(10318, 'T')",0.2826086956521739
hCoV-19_Wuhan_WIV04_2019_EPI_ISL_402124_2019-12-30,10543,80,2,C,C,A,0.9375,0.9375,0.0625,5,75,0,0,False,SNV,MR_7_1_MOS-mapq20_c3_insert0_fdr8_l9,"(10543, 'A')",0.0625
hCoV-19_Wuhan_WIV04_2019_EPI_ISL_402124_2019-12-30,10544,89,2,A,A,T,0.9325842696629212,0.9325842696629212,0.06741573033707865,83,0,6,0,False,SNV,MR_7_1_MOS-mapq20_c3_insert0_fdr8_l9,"(10544, 'T')",0.06741573033707865
hCoV-19_Wuhan_WIV04_2019_EPI_ISL_402124_2019-12-30,10547,87,2,T,T,A,0.9310344827586208,0.9310344827586208,0.06896551724137931,6,0,81,0,False,SNV,MR_7_1_MOS-mapq20_c3_insert0_fdr8_l9,"(10547, 'A')",0.06896551724137931
hCoV-19_Wuhan_WIV04_2019_EPI_ISL_402124_2019-12-30,10896,100,2,A,A,T,0.94,0.94,0.05,94,0,5,1,False,SNV,MR_7_1_MOS-mapq20_c3_insert0_fdr8_l9,"(10896, 'T')",0.05
hCoV-19_Wuhan_WIV04_2019_EPI_ISL_402124_2019-12-30,11915,61,2,C,T,C,0.3442622950819672,0.6557377049180327,0.3442622950819672,0,21,40,0,False,con_SNV,MR_7_1_MOS-mapq20_c3_insert0_fdr8_l9,"(11915, 'T')",0.6557377049180327
hCoV-19_Wuhan_WIV04_2019_EPI_ISL_402124_2019-12-30,13686,80,2,G,G,T,0.95,0.95,0.05,0,0,4,76,True,SNV,MR_7_1_MOS-mapq20_c3_insert0_fdr8_l9,"(13686, 'T')",0.05
hCoV-19_Wuhan_WIV04_2019_EPI_ISL_402124_2019-12-30,14221,99,2,T,T,G,0.9393939393939394,0.9393939393939394,0.060606060606060615,0,0,93,6,False,SNV,MR_7_1_MOS-mapq20_c3_insert0_fdr8_l9,"(14221, 'G')",0.06060606060606061
hCoV-19_Wuhan_WIV04_2019_EPI_ISL_402124_2019-12-30,14222,102,2,A,A,C,0.9411764705882352,0.9411764705882352,0.05882352941176471,96,6,0,0,False,SNV,MR_7_1_MOS-mapq20_c3_insert0_fdr8_l9,"(14222, 'C')",0.058823529411764705
hCoV-19_Wuhan_WIV04_2019_EPI_ISL_402124_2019-12-30,14407,97,1,C,T,A,0.0,1.0,0.0,0,0,97,0,False,SNS,MR_7_1_MOS-mapq20_c3_insert0_fdr8_l9,"(14407, 'T')",1.0
hCoV-19_Wuhan_WIV04_2019_EPI_ISL_402124_2019-12-30,14804,90,2,C,C,T,0.7777777777777778,0.7777777777777778,0.2222222222222222,0,70,20,0,False,SNV,MR_7_1_MOS-mapq20_c3_insert0_fdr8_l9,"(14804, 'T')",0.2222222222222222
hCoV-19_Wuhan_WIV04_2019_EPI_ISL_402124_2019-12-30,18423,103,2,A,A,G,0.8252427184466019,0.8252427184466019,0.17475728155339804,85,0,0,18,False,SNV,MR_7_1_MOS-mapq20_c3_insert0_fdr8_l9,"(18423, 'G')",0.17475728155339806
hCoV-19_Wuhan_WIV04_2019_EPI_ISL_402124_2019-12-30,21303,108,2,C,C,T,0.7037037037037037,0.7037037037037037,0.28703703703703703,1,76,31,0,False,SNV,MR_7_1_MOS-mapq20_c3_insert0_fdr8_l9,"(21303, 'T')",0.28703703703703703
hCoV-19_Wuhan_WIV04_2019_EPI_ISL_402124_2019-12-30,23402,103,1,A,G,C,0.0,0.9902912621359224,0.009708737864077669,0,1,0,102,False,SNS,MR_7_1_MOS-mapq20_c3_insert0_fdr8_l9,"(23402, 'G')",0.9902912621359223
hCoV-19_Wuhan_WIV04_2019_EPI_ISL_402124_2019-12-30,24744,79,2,C,C,T,0.6455696202531646,0.6455696202531646,0.35443037974683544,0,51,28,0,False,SNV,MR_7_1_MOS-mapq20_c3_insert0_fdr8_l9,"(24744, 'T')",0.35443037974683544
hCoV-19_Wuhan_WIV04_2019_EPI_ISL_402124_2019-12-30,25562,98,1,G,T,A,0.0,1.0,0.0,0,0,98,0,False,SNS,MR_7_1_MOS-mapq20_c3_insert0_fdr8_l9,"(25562, 'T')",1.0
hCoV-19_Wuhan_WIV04_2019_EPI_ISL_402124_2019-12-30,25906,88,2,G,G,T,0.7840909090909091,0.7840909090909091,0.2159090909090909,0,0,19,69,False,SNV,MR_7_1_MOS-mapq20_c3_insert0_fdr8_l9,"(25906, 'T')",0.2159090909090909
hCoV-19_Wuhan_WIV04_2019_EPI_ISL_402124_2019-12-30,27963,112,2,C,C,T,0.7053571428571429,0.7053571428571429,0.29464285714285715,0,79,33,0,False,SNV,MR_7_1_MOS-mapq20_c3_insert0_fdr8_l9,"(27963, 'T')",0.29464285714285715
hCoV-19_Wuhan_WIV04_2019_EPI_ISL_402124_2019-12-30,28086,67,2,C,T,C,0.26865671641791045,0.7164179104477612,0.26865671641791045,1,18,48,0,False,con_SNV,MR_7_1_MOS-mapq20_c3_insert0_fdr8_l9,"(28086, 'T')",0.7164179104477612
hCoV-19_Wuhan_WIV04_2019_EPI_ISL_402124_2019-12-30,28471,76,2,C,C,T,0.7236842105263158,0.7236842105263158,0.27631578947368424,0,55,21,0,False,SNV,MR_7_1_MOS-mapq20_c3_insert0_fdr8_l9,"(28471, 'T')",0.27631578947368424
hCoV-19_Wuhan_WIV04_2019_EPI_ISL_402124_2019-12-30,28868,121,2,C,C,T,0.7107438016528925,0.7107438016528925,0.2809917355371901,0,86,34,1,False,SNV,MR_7_1_MOS-mapq20_c3_insert0_fdr8_l9,"(28868, 'T')",0.2809917355371901
hCoV-19_Wuhan_WIV04_2019_EPI_ISL_402124_2019-12-30,28881,140,2,G,G,A,0.95,0.95,0.05,7,0,0,133,True,SNV,MR_7_1_MOS-mapq20_c3_insert0_fdr8_l9,"(28881, 'A')",0.05
hCoV-19_Wuhan_WIV04_2019_EPI_ISL_402124_2019-12-30,28999,119,2,G,G,T,0.9495798319327732,0.9495798319327732,0.050420168067226885,0,0,6,113,True,SNV,MR_7_1_MOS-mapq20_c3_insert0_fdr8_l9,"(28999, 'T')",0.05042016806722689
hCoV-19_Wuhan_WIV04_2019_EPI_ISL_402124_2019-12-30,240,7,1,C,T,A,0.0,1.0,0.0,0,0,7,0,False,SNS,6_09_S-mapq20_c3_insert0_fdr8_l9,"(240, 'T')",1.0
hCoV-19_Wuhan_WIV04_2019_EPI_ISL_402124_2019-12-30,822,15,2,C,C,T,0.8666666666666667,0.8666666666666667,0.13333333333333333,0,13,2,0,False,SNV,6_09_S-mapq20_c3_insert0_fdr8_l9,"(822, 'T')",0.13333333333333333
hCoV-19_Wuhan_WIV04_2019_EPI_ISL_402124_2019-12-30,1058,7,2,C,C,T,0.7142857142857143,0.7142857142857143,0.2857142857142857,0,5,2,0,False,SNV,6_09_S-mapq20_c3_insert0_fdr8_l9,"(1058, 'T')",0.2857142857142857
hCoV-19_Wuhan_WIV04_2019_EPI_ISL_402124_2019-12-30,1666,11,2,A,A,C,0.8181818181818182,0.8181818181818182,0.18181818181818185,9,2,0,0,False,SNV,6_09_S-mapq20_c3_insert0_fdr8_l9,"(1666, 'C')",0.18181818181818182
hCoV-19_Wuhan_WIV04_2019_EPI_ISL_402124_2019-12-30,3691,5,2,G,G,T,0.6,0.6,0.4,0,0,2,3,False,SNV,6_09_S-mapq20_c3_insert0_fdr8_l9,"(3691, 'T')",0.4
hCoV-19_Wuhan_WIV04_2019_EPI_ISL_402124_2019-12-30,5764,10,2,G,G,A,0.8,0.8,0.2,2,0,0,8,False,SNV,6_09_S-mapq20_c3_insert0_fdr8_l9,"(5764, 'A')",0.2
hCoV-19_Wuhan_WIV04_2019_EPI_ISL_402124_2019-12-30,5765,10,2,G,G,C,0.8,0.8,0.2,0,2,0,8,False,SNV,6_09_S-mapq20_c3_insert0_fdr8_l9,"(5765, 'C')",0.2
hCoV-19_Wuhan_WIV04_2019_EPI_ISL_402124_2019-12-30,5773,11,2,A,A,G,0.8181818181818182,0.8181818181818182,0.18181818181818185,9,0,0,2,False,SNV,6_09_S-mapq20_c3_insert0_fdr8_l9,"(5773, 'G')",0.18181818181818182
hCoV-19_Wuhan_WIV04_2019_EPI_ISL_402124_2019-12-30,5774,11,2,A,A,C,0.8181818181818182,0.8181818181818182,0.18181818181818185,9,2,0,0,False,SNV,6_09_S-mapq20_c3_insert0_fdr8_l9,"(5774, 'C')",0.18181818181818182
hCoV-19_Wuhan_WIV04_2019_EPI_ISL_402124_2019-12-30,9583,10,2,G,G,T,0.8,0.8,0.2,0,0,2,8,False,SNV,6_09_S-mapq20_c3_insert0_fdr8_l9,"(9583, 'T')",0.2
hCoV-19_Wuhan_WIV04_2019_EPI_ISL_402124_2019-12-30,11497,12,2,T,T,A,0.8333333333333334,0.8333333333333334,0.16666666666666666,2,0,10,0,False,SNV,6_09_S-mapq20_c3_insert0_fdr8_l9,"(11497, 'A')",0.16666666666666666
hCoV-19_Wuhan_WIV04_2019_EPI_ISL_402124_2019-12-30,11499,12,2,A,A,C,0.8333333333333334,0.8333333333333334,0.16666666666666666,10,2,0,0,False,SNV,6_09_S-mapq20_c3_insert0_fdr8_l9,"(11499, 'C')",0.16666666666666666
hCoV-19_Wuhan_WIV04_2019_EPI_ISL_402124_2019-12-30,11500,12,2,G,G,T,0.8333333333333334,0.8333333333333334,0.16666666666666666,0,0,2,10,False,SNV,6_09_S-mapq20_c3_insert0_fdr8_l9,"(11500, 'T')",0.16666666666666666
hCoV-19_Wuhan_WIV04_2019_EPI_ISL_402124_2019-12-30,11502,12,2,T,T,A,0.8333333333333334,0.8333333333333334,0.16666666666666666,2,0,10,0,False,SNV,6_09_S-mapq20_c3_insert0_fdr8_l9,"(11502, 'A')",0.16666666666666666
hCoV-19_Wuhan_WIV04_2019_EPI_ISL_402124_2019-12-30,17696,11,2,A,A,G,0.8181818181818182,0.8181818181818182,0.18181818181818185,9,0,0,2,False,SNV,6_09_S-mapq20_c3_insert0_fdr8_l9,"(17696, 'G')",0.18181818181818182
hCoV-19_Wuhan_WIV04_2019_EPI_ISL_402124_2019-12-30,18997,9,2,C,C,T,0.7777777777777778,0.7777777777777778,0.2222222222222222,0,7,2,0,False,SNV,6_09_S-mapq20_c3_insert0_fdr8_l9,"(18997, 'T')",0.2222222222222222
hCoV-19_Wuhan_WIV04_2019_EPI_ISL_402124_2019-12-30,21074,8,2,T,T,C,0.75,0.75,0.25,0,2,6,0,False,SNV,6_09_S-mapq20_c3_insert0_fdr8_l9,"(21074, 'C')",0.25
hCoV-19_Wuhan_WIV04_2019_EPI_ISL_402124_2019-12-30,21482,13,2,T,T,A,0.8461538461538461,0.8461538461538461,0.15384615384615385,2,0,11,0,False,SNV,6_09_S-mapq20_c3_insert0_fdr8_l9,"(21482, 'A')",0.15384615384615385
hCoV-19_Wuhan_WIV04_2019_EPI_ISL_402124_2019-12-30,21491,14,2,T,T,A,0.8571428571428571,0.8571428571428571,0.14285714285714285,2,0,12,0,False,SNV,6_09_S-mapq20_c3_insert0_fdr8_l9,"(21491, 'A')",0.14285714285714285
hCoV-19_Wuhan_WIV04_2019_EPI_ISL_402124_2019-12-30,22441,10,2,G,G,C,0.8,0.8,0.2,0,2,0,8,False,SNV,6_09_S-mapq20_c3_insert0_fdr8_l9,"(22441, 'C')",0.2
hCoV-19_Wuhan_WIV04_2019_EPI_ISL_402124_2019-12-30,23402,7,1,A,G,A,0.0,1.0,0.0,0,0,0,7,False,SNS,6_09_S-mapq20_c3_insert0_fdr8_l9,"(23402, 'G')",1.0
hCoV-19_Wuhan_WIV04_2019_EPI_ISL_402124_2019-12-30,24631,6,2,C,C,T,0.6666666666666666,0.6666666666666666,0.3333333333333333,0,4,2,0,False,SNV,6_09_S-mapq20_c3_insert0_fdr8_l9,"(24631, 'T')",0.3333333333333333
hCoV-19_Wuhan_WIV04_2019_EPI_ISL_402124_2019-12-30,24636,5,2,T,T,A,0.6,0.6,0.4,2,0,3,0,False,SNV,6_09_S-mapq20_c3_insert0_fdr8_l9,"(24636, 'A')",0.4
hCoV-19_Wuhan_WIV04_2019_EPI_ISL_402124_2019-12-30,25562,8,2,G,G,T,0.625,0.625,0.375,0,0,3,5,False,SNV,6_09_S-mapq20_c3_insert0_fdr8_l9,"(25562, 'T')",0.375
hCoV-19_Wuhan_WIV04_2019_EPI_ISL_402124_2019-12-30,27512,11,2,C,C,T,0.8181818181818182,0.8181818181818182,0.18181818181818185,0,9,2,0,False,SNV,6_09_S-mapq20_c3_insert0_fdr8_l9,"(27512, 'T')",0.18181818181818182
hCoV-19_Wuhan_WIV04_2019_EPI_ISL_402124_2019-12-30,28000,9,2,G,G,T,0.7777777777777778,0.7777777777777778,0.2222222222222222,0,0,2,7,False,SNV,6_09_S-mapq20_c3_insert0_fdr8_l9,"(28000, 'T')",0.2222222222222222
hCoV-19_Wuhan_WIV04_2019_EPI_ISL_402124_2019-12-30,28377,28,2,G,G,T,0.7142857142857143,0.7142857142857143,0.2857142857142857,0,0,8,20,False,SNV,6_09_S-mapq20_c3_insert0_fdr8_l9,"(28377, 'T')",0.2857142857142857
hCoV-19_Wuhan_WIV04_2019_EPI_ISL_402124_2019-12-30,28880,25,2,G,A,G,0.28,0.72,0.28,18,0,0,7,False,con_SNV,6_09_S-mapq20_c3_insert0_fdr8_l9,"(28880, 'A')",0.72
hCoV-19_Wuhan_WIV04_2019_EPI_ISL_402124_2019-12-30,28881,25,2,G,A,G,0.28,0.72,0.28,18,0,0,7,False,con_SNV,6_09_S-mapq20_c3_insert0_fdr8_l9,"(28881, 'A')",0.72
hCoV-19_Wuhan_WIV04_2019_EPI_ISL_402124_2019-12-30,28882,25,2,G,C,G,0.28,0.72,0.28,0,18,0,7,False,con_SNV,6_09_S-mapq20_c3_insert0_fdr8_l9,"(28882, 'C')",0.72
hCoV-19_Wuhan_WIV04_2019_EPI_ISL_402124_2019-12-30,29448,14,2,G,G,T,0.8571428571428571,0.8571428571428571,0.14285714285714285,0,0,2,12,False,SNV,6_09_S-mapq20_c3_insert0_fdr8_l9,"(29448, 'T')",0.14285714285714285
hCoV-19_Wuhan_WIV04_2019_EPI_ISL_402124_2019-12-30,240,34,1,C,T,C,0.05882352941176471,0.9411764705882352,0.05882352941176471,0,2,32,0,False,SNS,6_30_S_MOS-mapq20_c3_insert0_fdr8_l9,"(240, 'T')",0.9411764705882353
hCoV-19_Wuhan_WIV04_2019_EPI_ISL_402124_2019-12-30,1025,26,2,C,C,T,0.9230769230769232,0.9230769230769232,0.07692307692307693,0,24,2,0,False,SNV,6_30_S_MOS-mapq20_c3_insert0_fdr8_l9,"(1025, 'T')",0.07692307692307693
hCoV-19_Wuhan_WIV04_2019_EPI_ISL_402124_2019-12-30,1058,28,1,C,T,A,0.0,1.0,0.0,0,0,28,0,False,SNS,6_30_S_MOS-mapq20_c3_insert0_fdr8_l9,"(1058, 'T')",1.0
hCoV-19_Wuhan_WIV04_2019_EPI_ISL_402124_2019-12-30,1384,39,2,C,C,T,0.7692307692307693,0.7692307692307693,0.2307692307692308,0,30,9,0,False,SNV,6_30_S_MOS-mapq20_c3_insert0_fdr8_l9,"(1384, 'T')",0.23076923076923078
hCoV-19_Wuhan_WIV04_2019_EPI_ISL_402124_2019-12-30,1737,35,2,G,G,T,0.5428571428571428,0.5428571428571428,0.4571428571428571,0,0,16,19,False,SNV,6_30_S_MOS-mapq20_c3_insert0_fdr8_l9,"(1737, 'T')",0.45714285714285713
hCoV-19_Wuhan_WIV04_2019_EPI_ISL_402124_2019-12-30,2034,28,2,G,G,T,0.6071428571428571,0.6071428571428571,0.3928571428571429,0,0,11,17,False,SNV,6_30_S_MOS-mapq20_c3_insert0_fdr8_l9,"(2034, 'T')",0.39285714285714285
hCoV-19_Wuhan_WIV04_2019_EPI_ISL_402124_2019-12-30,2586,20,2,T,T,A,0.9,0.9,0.1,2,0,18,0,False,SNV,6_30_S_MOS-mapq20_c3_insert0_fdr8_l9,"(2586, 'A')",0.1
hCoV-19_Wuhan_WIV04_2019_EPI_ISL_402124_2019-12-30,2791,33,2,T,T,C,0.9393939393939394,0.9393939393939394,0.060606060606060615,0,2,31,0,False,SNV,6_30_S_MOS-mapq20_c3_insert0_fdr8_l9,"(2791, 'C')",0.06060606060606061
hCoV-19_Wuhan_WIV04_2019_EPI_ISL_402124_2019-12-30,3036,24,1,C,T,A,0.0,1.0,0.0,0,0,24,0,False,SNS,6_30_S_MOS-mapq20_c3_insert0_fdr8_l9,"(3036, 'T')",1.0
hCoV-19_Wuhan_WIV04_2019_EPI_ISL_402124_2019-12-30,3241,28,2,G,G,A,0.5714285714285714,0.5714285714285714,0.42857142857142855,12,0,0,16,False,SNV,6_30_S_MOS-mapq20_c3_insert0_fdr8_l9,"(3241, 'A')",0.42857142857142855
hCoV-19_Wuhan_WIV04_2019_EPI_ISL_402124_2019-12-30,3583,24,2,G,G,A,0.9166666666666666,0.9166666666666666,0.08333333333333333,2,0,0,22,False,SNV,6_30_S_MOS-mapq20_c3_insert0_fdr8_l9,"(3583, 'A')",0.08333333333333333
hCoV-19_Wuhan_WIV04_2019_EPI_ISL_402124_2019-12-30,4369,33,2,G,G,A,0.9393939393939394,0.9393939393939394,0.060606060606060615,2,0,0,31,False,SNV,6_30_S_MOS-mapq20_c3_insert0_fdr8_l9,"(4369, 'A')",0.06060606060606061
hCoV-19_Wuhan_WIV04_2019_EPI_ISL_402124_2019-12-30,4371,36,2,A,A,C,0.9444444444444444,0.9444444444444444,0.05555555555555555,34,2,0,0,False,SNV,6_30_S_MOS-mapq20_c3_insert0_fdr8_l9,"(4371, 'C')",0.05555555555555555
hCoV-19_Wuhan_WIV04_2019_EPI_ISL_402124_2019-12-30,4793,38,2,C,C,T,0.9473684210526316,0.9473684210526316,0.05263157894736842,0,36,2,0,False,SNV,6_30_S_MOS-mapq20_c3_insert0_fdr8_l9,"(4793, 'T')",0.05263157894736842
hCoV-19_Wuhan_WIV04_2019_EPI_ISL_402124_2019-12-30,5467,38,2,T,T,G,0.9473684210526316,0.9473684210526316,0.05263157894736842,0,0,36,2,False,SNV,6_30_S_MOS-mapq20_c3_insert0_fdr8_l9,"(5467, 'G')",0.05263157894736842
hCoV-19_Wuhan_WIV04_2019_EPI_ISL_402124_2019-12-30,5569,33,2,A,A,G,0.9393939393939394,0.9393939393939394,0.060606060606060615,31,0,0,2,False,SNV,6_30_S_MOS-mapq20_c3_insert0_fdr8_l9,"(5569, 'G')",0.06060606060606061
hCoV-19_Wuhan_WIV04_2019_EPI_ISL_402124_2019-12-30,5811,30,2,C,C,T,0.6,0.6,0.4,0,18,12,0,False,SNV,6_30_S_MOS-mapq20_c3_insert0_fdr8_l9,"(5811, 'T')",0.4
hCoV-19_Wuhan_WIV04_2019_EPI_ISL_402124_2019-12-30,6253,38,2,G,G,T,0.9473684210526316,0.9473684210526316,0.05263157894736842,0,0,2,36,False,SNV,6_30_S_MOS-mapq20_c3_insert0_fdr8_l9,"(6253, 'T')",0.05263157894736842
hCoV-19_Wuhan_WIV04_2019_EPI_ISL_402124_2019-12-30,6256,36,3,A,A,T,0.8888888888888888,0.8888888888888888,0.05555555555555555,32,0,2,2,False,SNV,6_30_S_MOS-mapq20_c3_insert0_fdr8_l9,"(6256, 'T')",0.05555555555555555
hCoV-19_Wuhan_WIV04_2019_EPI_ISL_402124_2019-12-30,6267,33,2,C,C,A,0.9393939393939394,0.9393939393939394,0.060606060606060615,2,31,0,0,True,SNV,6_30_S_MOS-mapq20_c3_insert0_fdr8_l9,"(6267, 'A')",0.06060606060606061
hCoV-19_Wuhan_WIV04_2019_EPI_ISL_402124_2019-12-30,8082,30,2,G,G,A,0.6333333333333333,0.6333333333333333,0.3333333333333333,10,1,0,19,False,SNV,6_30_S_MOS-mapq20_c3_insert0_fdr8_l9,"(8082, 'A')",0.3333333333333333
hCoV-19_Wuhan_WIV04_2019_EPI_ISL_402124_2019-12-30,8882,25,2,T,T,C,0.92,0.92,0.08,0,2,23,0,False,SNV,6_30_S_MOS-mapq20_c3_insert0_fdr8_l9,"(8882, 'C')",0.08
hCoV-19_Wuhan_WIV04_2019_EPI_ISL_402124_2019-12-30,9264,40,2,T,T,C,0.95,0.95,0.05,0,2,38,0,True,SNV,6_30_S_MOS-mapq20_c3_insert0_fdr8_l9,"(9264, 'C')",0.05
hCoV-19_Wuhan_WIV04_2019_EPI_ISL_402124_2019-12-30,10187,31,2,C,C,T,0.5483870967741935,0.5483870967741935,0.4516129032258064,0,17,14,0,False,SNV,6_30_S_MOS-mapq20_c3_insert0_fdr8_l9,"(10187, 'T')",0.45161290322580644
hCoV-19_Wuhan_WIV04_2019_EPI_ISL_402124_2019-12-30,10318,37,2,C,C,T,0.8378378378378378,0.8378378378378378,0.16216216216216214,0,31,6,0,False,SNV,6_30_S_MOS-mapq20_c3_insert0_fdr8_l9,"(10318, 'T')",0.16216216216216217
hCoV-19_Wuhan_WIV04_2019_EPI_ISL_402124_2019-12-30,10543,34,2,C,C,A,0.9117647058823528,0.9117647058823528,0.08823529411764706,3,31,0,0,False,SNV,6_30_S_MOS-mapq20_c3_insert0_fdr8_l9,"(10543, 'A')",0.08823529411764706
hCoV-19_Wuhan_WIV04_2019_EPI_ISL_402124_2019-12-30,10544,39,2,A,A,T,0.8974358974358975,0.8974358974358975,0.10256410256410256,35,0,4,0,False,SNV,6_30_S_MOS-mapq20_c3_insert0_fdr8_l9,"(10544, 'T')",0.10256410256410256
hCoV-19_Wuhan_WIV04_2019_EPI_ISL_402124_2019-12-30,10547,35,2,T,T,A,0.9142857142857144,0.9142857142857144,0.08571428571428573,3,0,32,0,False,SNV,6_30_S_MOS-mapq20_c3_insert0_fdr8_l9,"(10547, 'A')",0.08571428571428572
hCoV-19_Wuhan_WIV04_2019_EPI_ISL_402124_2019-12-30,11465,29,2,G,G,A,0.9310344827586208,0.9310344827586208,0.06896551724137931,2,0,0,27,False,SNV,6_30_S_MOS-mapq20_c3_insert0_fdr8_l9,"(11465, 'A')",0.06896551724137931
hCoV-19_Wuhan_WIV04_2019_EPI_ISL_402124_2019-12-30,11466,29,2,G,G,A,0.9310344827586208,0.9310344827586208,0.06896551724137931,2,0,0,27,True,SNV,6_30_S_MOS-mapq20_c3_insert0_fdr8_l9,"(11466, 'A')",0.06896551724137931
hCoV-19_Wuhan_WIV04_2019_EPI_ISL_402124_2019-12-30,11467,29,2,G,G,A,0.9310344827586208,0.9310344827586208,0.06896551724137931,2,0,0,27,True,SNV,6_30_S_MOS-mapq20_c3_insert0_fdr8_l9,"(11467, 'A')",0.06896551724137931
hCoV-19_Wuhan_WIV04_2019_EPI_ISL_402124_2019-12-30,11811,38,2,C,C,A,0.9210526315789472,0.9210526315789472,0.07894736842105263,3,35,0,0,False,SNV,6_30_S_MOS-mapq20_c3_insert0_fdr8_l9,"(11811, 'A')",0.07894736842105263
hCoV-19_Wuhan_WIV04_2019_EPI_ISL_402124_2019-12-30,11915,31,2,C,C,T,0.6129032258064516,0.6129032258064516,0.3870967741935484,0,19,12,0,False,SNV,6_30_S_MOS-mapq20_c3_insert0_fdr8_l9,"(11915, 'T')",0.3870967741935484
hCoV-19_Wuhan_WIV04_2019_EPI_ISL_402124_2019-12-30,13260,42,2,C,C,T,0.6904761904761905,0.6904761904761905,0.30952380952380953,0,29,13,0,False,SNV,6_30_S_MOS-mapq20_c3_insert0_fdr8_l9,"(13260, 'T')",0.30952380952380953
hCoV-19_Wuhan_WIV04_2019_EPI_ISL_402124_2019-12-30,14221,35,2,T,T,G,0.9142857142857144,0.9142857142857144,0.08571428571428573,0,0,32,3,False,SNV,6_30_S_MOS-mapq20_c3_insert0_fdr8_l9,"(14221, 'G')",0.08571428571428572
hCoV-19_Wuhan_WIV04_2019_EPI_ISL_402124_2019-12-30,14222,35,2,A,A,C,0.9142857142857144,0.9142857142857144,0.08571428571428573,32,3,0,0,False,SNV,6_30_S_MOS-mapq20_c3_insert0_fdr8_l9,"(14222, 'C')",0.08571428571428572
hCoV-19_Wuhan_WIV04_2019_EPI_ISL_402124_2019-12-30,14224,36,2,C,C,T,0.9166666666666666,0.9166666666666666,0.08333333333333333,0,33,3,0,False,SNV,6_30_S_MOS-mapq20_c3_insert0_fdr8_l9,"(14224, 'T')",0.08333333333333333
hCoV-19_Wuhan_WIV04_2019_EPI_ISL_402124_2019-12-30,14331,21,2,T,T,A,0.9047619047619048,0.9047619047619048,0.09523809523809523,2,0,19,0,False,SNV,6_30_S_MOS-mapq20_c3_insert0_fdr8_l9,"(14331, 'A')",0.09523809523809523
hCoV-19_Wuhan_WIV04_2019_EPI_ISL_402124_2019-12-30,14334,23,2,G,G,T,0.9130434782608696,0.9130434782608696,0.08695652173913042,0,0,2,21,False,SNV,6_30_S_MOS-mapq20_c3_insert0_fdr8_l9,"(14334, 'T')",0.08695652173913043
hCoV-19_Wuhan_WIV04_2019_EPI_ISL_402124_2019-12-30,14407,30,1,C,T,A,0.0,1.0,0.0,0,0,30,0,False,SNS,6_30_S_MOS-mapq20_c3_insert0_fdr8_l9,"(14407, 'T')",1.0
hCoV-19_Wuhan_WIV04_2019_EPI_ISL_402124_2019-12-30,14804,43,2,C,C,T,0.8837209302325582,0.8837209302325582,0.11627906976744184,0,38,5,0,False,SNV,6_30_S_MOS-mapq20_c3_insert0_fdr8_l9,"(14804, 'T')",0.11627906976744186
hCoV-19_Wuhan_WIV04_2019_EPI_ISL_402124_2019-12-30,14938,38,2,A,A,G,0.9473684210526316,0.9473684210526316,0.05263157894736842,36,0,0,2,False,SNV,6_30_S_MOS-mapq20_c3_insert0_fdr8_l9,"(14938, 'G')",0.05263157894736842
hCoV-19_Wuhan_WIV04_2019_EPI_ISL_402124_2019-12-30,14943,37,2,G,G,C,0.9189189189189192,0.9189189189189192,0.054054054054054064,1,2,0,34,False,SNV,6_30_S_MOS-mapq20_c3_insert0_fdr8_l9,"(14943, 'C')",0.05405405405405406
hCoV-19_Wuhan_WIV04_2019_EPI_ISL_402124_2019-12-30,14944,38,2,C,C,T,0.9473684210526316,0.9473684210526316,0.05263157894736842,0,36,2,0,True,SNV,6_30_S_MOS-mapq20_c3_insert0_fdr8_l9,"(14944, 'T')",0.05263157894736842
hCoV-19_Wuhan_WIV04_2019_EPI_ISL_402124_2019-12-30,16685,37,2,T,T,C,0.9459459459459459,0.9459459459459459,0.054054054054054064,0,2,35,0,False,SNV,6_30_S_MOS-mapq20_c3_insert0_fdr8_l9,"(16685, 'C')",0.05405405405405406
hCoV-19_Wuhan_WIV04_2019_EPI_ISL_402124_2019-12-30,17284,47,2,C,C,T,0.6170212765957447,0.6170212765957447,0.3829787234042553,0,29,18,0,False,SNV,6_30_S_MOS-mapq20_c3_insert0_fdr8_l9,"(17284, 'T')",0.3829787234042553
hCoV-19_Wuhan_WIV04_2019_EPI_ISL_402124_2019-12-30,17696,40,2,A,A,G,0.925,0.925,0.075,37,0,0,3,False,SNV,6_30_S_MOS-mapq20_c3_insert0_fdr8_l9,"(17696, 'G')",0.075
hCoV-19_Wuhan_WIV04_2019_EPI_ISL_402124_2019-12-30,17697,40,2,A,A,T,0.95,0.95,0.05,38,0,2,0,False,SNV,6_30_S_MOS-mapq20_c3_insert0_fdr8_l9,"(17697, 'T')",0.05
hCoV-19_Wuhan_WIV04_2019_EPI_ISL_402124_2019-12-30,18094,40,2,A,A,G,0.95,0.95,0.05,38,0,0,2,True,SNV,6_30_S_MOS-mapq20_c3_insert0_fdr8_l9,"(18094, 'G')",0.05
hCoV-19_Wuhan_WIV04_2019_EPI_ISL_402124_2019-12-30,18423,35,2,A,A,G,0.6285714285714286,0.6285714285714286,0.3714285714285713,22,0,0,13,False,SNV,6_30_S_MOS-mapq20_c3_insert0_fdr8_l9,"(18423, 'G')",0.37142857142857144
hCoV-19_Wuhan_WIV04_2019_EPI_ISL_402124_2019-12-30,18852,40,2,T,T,C,0.95,0.95,0.05,0,2,38,0,False,SNV,6_30_S_MOS-mapq20_c3_insert0_fdr8_l9,"(18852, 'C')",0.05
hCoV-19_Wuhan_WIV04_2019_EPI_ISL_402124_2019-12-30,18853,40,2,G,G,A,0.95,0.95,0.05,2,0,0,38,False,SNV,6_30_S_MOS-mapq20_c3_insert0_fdr8_l9,"(18853, 'A')",0.05
hCoV-19_Wuhan_WIV04_2019_EPI_ISL_402124_2019-12-30,19405,29,2,G,G,A,0.9310344827586208,0.9310344827586208,0.06896551724137931,2,0,0,27,False,SNV,6_30_S_MOS-mapq20_c3_insert0_fdr8_l9,"(19405, 'A')",0.06896551724137931
hCoV-19_Wuhan_WIV04_2019_EPI_ISL_402124_2019-12-30,21136,40,2,A,A,T,0.95,0.95,0.05,38,0,2,0,True,SNV,6_30_S_MOS-mapq20_c3_insert0_fdr8_l9,"(21136, 'T')",0.05
hCoV-19_Wuhan_WIV04_2019_EPI_ISL_402124_2019-12-30,21303,45,2,C,C,T,0.8222222222222222,0.8222222222222222,0.17777777777777778,0,37,8,0,False,SNV,6_30_S_MOS-mapq20_c3_insert0_fdr8_l9,"(21303, 'T')",0.17777777777777778
hCoV-19_Wuhan_WIV04_2019_EPI_ISL_402124_2019-12-30,21473,29,2,A,A,G,0.9310344827586208,0.9310344827586208,0.06896551724137931,27,0,0,2,True,SNV,6_30_S_MOS-mapq20_c3_insert0_fdr8_l9,"(21473, 'G')",0.06896551724137931
hCoV-19_Wuhan_WIV04_2019_EPI_ISL_402124_2019-12-30,21911,36,2,T,T,C,0.9166666666666666,0.9166666666666666,0.08333333333333333,0,3,33,0,False,SNV,6_30_S_MOS-mapq20_c3_insert0_fdr8_l9,"(21911, 'C')",0.08333333333333333
hCoV-19_Wuhan_WIV04_2019_EPI_ISL_402124_2019-12-30,21912,40,2,A,A,T,0.95,0.95,0.05,38,0,2,0,True,SNV,6_30_S_MOS-mapq20_c3_insert0_fdr8_l9,"(21912, 'T')",0.05
hCoV-19_Wuhan_WIV04_2019_EPI_ISL_402124_2019-12-30,23042,40,2,C,C,T,0.95,0.95,0.05,0,38,2,0,True,SNV,6_30_S_MOS-mapq20_c3_insert0_fdr8_l9,"(23042, 'T')",0.05
hCoV-19_Wuhan_WIV04_2019_EPI_ISL_402124_2019-12-30,23402,35,1,A,G,A,0.0,1.0,0.0,0,0,0,35,False,SNS,6_30_S_MOS-mapq20_c3_insert0_fdr8_l9,"(23402, 'G')",1.0
hCoV-19_Wuhan_WIV04_2019_EPI_ISL_402124_2019-12-30,23495,33,2,C,C,T,0.9393939393939394,0.9393939393939394,0.060606060606060615,0,31,2,0,False,SNV,6_30_S_MOS-mapq20_c3_insert0_fdr8_l9,"(23495, 'T')",0.06060606060606061
hCoV-19_Wuhan_WIV04_2019_EPI_ISL_402124_2019-12-30,23658,33,2,T,T,A,0.9393939393939394,0.9393939393939394,0.060606060606060615,2,0,31,0,True,SNV,6_30_S_MOS-mapq20_c3_insert0_fdr8_l9,"(23658, 'A')",0.06060606060606061
hCoV-19_Wuhan_WIV04_2019_EPI_ISL_402124_2019-12-30,23659,33,2,G,G,C,0.9393939393939394,0.9393939393939394,0.060606060606060615,0,2,0,31,False,SNV,6_30_S_MOS-mapq20_c3_insert0_fdr8_l9,"(23659, 'C')",0.06060606060606061
hCoV-19_Wuhan_WIV04_2019_EPI_ISL_402124_2019-12-30,23897,36,2,A,A,G,0.9444444444444444,0.9444444444444444,0.05555555555555555,34,0,0,2,False,SNV,6_30_S_MOS-mapq20_c3_insert0_fdr8_l9,"(23897, 'G')",0.05555555555555555
hCoV-19_Wuhan_WIV04_2019_EPI_ISL_402124_2019-12-30,24981,19,2,T,T,C,0.631578947368421,0.631578947368421,0.3684210526315789,0,7,12,0,False,SNV,6_30_S_MOS-mapq20_c3_insert0_fdr8_l9,"(24981, 'C')",0.3684210526315789
hCoV-19_Wuhan_WIV04_2019_EPI_ISL_402124_2019-12-30,25426,38,2,C,C,A,0.9473684210526316,0.9473684210526316,0.05263157894736842,2,36,0,0,False,SNV,6_30_S_MOS-mapq20_c3_insert0_fdr8_l9,"(25426, 'A')",0.05263157894736842
hCoV-19_Wuhan_WIV04_2019_EPI_ISL_402124_2019-12-30,25562,53,1,G,T,A,0.0,1.0,0.0,0,0,53,0,False,SNS,6_30_S_MOS-mapq20_c3_insert0_fdr8_l9,"(25562, 'T')",1.0
hCoV-19_Wuhan_WIV04_2019_EPI_ISL_402124_2019-12-30,25906,31,2,G,G,T,0.6774193548387096,0.6774193548387096,0.3225806451612903,0,0,10,21,False,SNV,6_30_S_MOS-mapq20_c3_insert0_fdr8_l9,"(25906, 'T')",0.3225806451612903
hCoV-19_Wuhan_WIV04_2019_EPI_ISL_402124_2019-12-30,26122,28,2,T,T,C,0.6428571428571429,0.6428571428571429,0.35714285714285715,0,10,18,0,False,SNV,6_30_S_MOS-mapq20_c3_insert0_fdr8_l9,"(26122, 'C')",0.35714285714285715
hCoV-19_Wuhan_WIV04_2019_EPI_ISL_402124_2019-12-30,26504,29,2,G,G,A,0.9310344827586208,0.9310344827586208,0.06896551724137931,2,0,0,27,False,SNV,6_30_S_MOS-mapq20_c3_insert0_fdr8_l9,"(26504, 'A')",0.06896551724137931
hCoV-19_Wuhan_WIV04_2019_EPI_ISL_402124_2019-12-30,26595,41,2,G,G,T,0.9268292682926828,0.9268292682926828,0.07317073170731707,0,0,3,38,False,SNV,6_30_S_MOS-mapq20_c3_insert0_fdr8_l9,"(26595, 'T')",0.07317073170731707
hCoV-19_Wuhan_WIV04_2019_EPI_ISL_402124_2019-12-30,27168,37,2,A,A,G,0.9459459459459459,0.9459459459459459,0.054054054054054064,35,0,0,2,False,SNV,6_30_S_MOS-mapq20_c3_insert0_fdr8_l9,"(27168, 'G')",0.05405405405405406
hCoV-19_Wuhan_WIV04_2019_EPI_ISL_402124_2019-12-30,27371,18,2,A,A,C,0.8888888888888888,0.8888888888888888,0.1111111111111111,16,2,0,0,False,SNV,6_30_S_MOS-mapq20_c3_insert0_fdr8_l9,"(27371, 'C')",0.1111111111111111
hCoV-19_Wuhan_WIV04_2019_EPI_ISL_402124_2019-12-30,27372,16,2,A,A,T,0.875,0.875,0.125,14,0,2,0,False,SNV,6_30_S_MOS-mapq20_c3_insert0_fdr8_l9,"(27372, 'T')",0.125
hCoV-19_Wuhan_WIV04_2019_EPI_ISL_402124_2019-12-30,27375,18,2,G,G,T,0.8888888888888888,0.8888888888888888,0.1111111111111111,0,0,2,16,False,SNV,6_30_S_MOS-mapq20_c3_insert0_fdr8_l9,"(27375, 'T')",0.1111111111111111
hCoV-19_Wuhan_WIV04_2019_EPI_ISL_402124_2019-12-30,27382,22,2,A,A,T,0.8636363636363636,0.8636363636363636,0.13636363636363635,19,0,3,0,False,SNV,6_30_S_MOS-mapq20_c3_insert0_fdr8_l9,"(27382, 'T')",0.13636363636363635
hCoV-19_Wuhan_WIV04_2019_EPI_ISL_402124_2019-12-30,27963,32,2,C,T,C,0.46875,0.53125,0.46875,0,15,17,0,False,con_SNV,6_30_S_MOS-mapq20_c3_insert0_fdr8_l9,"(27963, 'T')",0.53125
hCoV-19_Wuhan_WIV04_2019_EPI_ISL_402124_2019-12-30,28086,24,2,C,C,T,0.7083333333333334,0.7083333333333334,0.2916666666666667,0,17,7,0,False,SNV,6_30_S_MOS-mapq20_c3_insert0_fdr8_l9,"(28086, 'T')",0.2916666666666667
hCoV-19_Wuhan_WIV04_2019_EPI_ISL_402124_2019-12-30,28241,40,2,G,G,C,0.95,0.95,0.05,0,2,0,38,True,SNV,6_30_S_MOS-mapq20_c3_insert0_fdr8_l9,"(28241, 'C')",0.05
hCoV-19_Wuhan_WIV04_2019_EPI_ISL_402124_2019-12-30,28244,42,2,T,T,G,0.9285714285714286,0.9285714285714286,0.07142857142857142,0,0,39,3,False,SNV,6_30_S_MOS-mapq20_c3_insert0_fdr8_l9,"(28244, 'G')",0.07142857142857142
hCoV-19_Wuhan_WIV04_2019_EPI_ISL_402124_2019-12-30,28471,30,2,C,C,T,0.7,0.7,0.3,0,21,9,0,False,SNV,6_30_S_MOS-mapq20_c3_insert0_fdr8_l9,"(28471, 'T')",0.3
hCoV-19_Wuhan_WIV04_2019_EPI_ISL_402124_2019-12-30,28813,40,2,C,C,G,0.95,0.95,0.05,0,38,0,2,False,SNV,6_30_S_MOS-mapq20_c3_insert0_fdr8_l9,"(28813, 'G')",0.05
hCoV-19_Wuhan_WIV04_2019_EPI_ISL_402124_2019-12-30,28868,44,2,C,C,T,0.7727272727272727,0.7727272727272727,0.2272727272727273,0,34,10,0,False,SNV,6_30_S_MOS-mapq20_c3_insert0_fdr8_l9,"(28868, 'T')",0.22727272727272727
hCoV-19_Wuhan_WIV04_2019_EPI_ISL_402124_2019-12-30,240,21,1,C,T,A,0.0,1.0,0.0,0,0,21,0,False,SNS,6_30_S_COL-mapq20_c3_insert0_fdr8_l9,"(240, 'T')",1.0
hCoV-19_Wuhan_WIV04_2019_EPI_ISL_402124_2019-12-30,263,22,2,A,A,G,0.9090909090909092,0.9090909090909092,0.09090909090909093,20,0,0,2,False,SNV,6_30_S_COL-mapq20_c3_insert0_fdr8_l9,"(263, 'G')",0.09090909090909091
hCoV-19_Wuhan_WIV04_2019_EPI_ISL_402124_2019-12-30,265,24,2,A,A,T,0.9166666666666666,0.9166666666666666,0.08333333333333333,22,0,2,0,False,SNV,6_30_S_COL-mapq20_c3_insert0_fdr8_l9,"(265, 'T')",0.08333333333333333
hCoV-19_Wuhan_WIV04_2019_EPI_ISL_402124_2019-12-30,816,33,2,C,C,A,0.9393939393939394,0.9393939393939394,0.060606060606060615,2,31,0,0,True,SNV,6_30_S_COL-mapq20_c3_insert0_fdr8_l9,"(816, 'A')",0.06060606060606061
hCoV-19_Wuhan_WIV04_2019_EPI_ISL_402124_2019-12-30,1058,28,1,C,T,A,0.0,1.0,0.0,0,0,28,0,False,SNS,6_30_S_COL-mapq20_c3_insert0_fdr8_l9,"(1058, 'T')",1.0
hCoV-19_Wuhan_WIV04_2019_EPI_ISL_402124_2019-12-30,1384,23,1,C,T,A,0.0,1.0,0.0,0,0,23,0,False,SNS,6_30_S_COL-mapq20_c3_insert0_fdr8_l9,"(1384, 'T')",1.0
hCoV-19_Wuhan_WIV04_2019_EPI_ISL_402124_2019-12-30,1737,38,2,G,T,G,0.07894736842105263,0.9210526315789472,0.07894736842105263,0,0,35,3,True,con_SNV,6_30_S_COL-mapq20_c3_insert0_fdr8_l9,"(1737, 'T')",0.9210526315789473
hCoV-19_Wuhan_WIV04_2019_EPI_ISL_402124_2019-12-30,3036,34,1,C,T,A,0.0,1.0,0.0,0,0,34,0,False,SNS,6_30_S_COL-mapq20_c3_insert0_fdr8_l9,"(3036, 'T')",1.0
hCoV-19_Wuhan_WIV04_2019_EPI_ISL_402124_2019-12-30,3241,30,1,G,A,G,0.06666666666666668,0.9333333333333332,0.06666666666666668,28,0,0,2,True,SNS,6_30_S_COL-mapq20_c3_insert0_fdr8_l9,"(3241, 'A')",0.9333333333333333
hCoV-19_Wuhan_WIV04_2019_EPI_ISL_402124_2019-12-30,4307,29,2,A,A,G,0.9310344827586208,0.9310344827586208,0.06896551724137931,27,0,0,2,False,SNV,6_30_S_COL-mapq20_c3_insert0_fdr8_l9,"(4307, 'G')",0.06896551724137931
hCoV-19_Wuhan_WIV04_2019_EPI_ISL_402124_2019-12-30,4563,40,2,A,A,C,0.9,0.9,0.1,36,4,0,0,False,SNV,6_30_S_COL-mapq20_c3_insert0_fdr8_l9,"(4563, 'C')",0.1
hCoV-19_Wuhan_WIV04_2019_EPI_ISL_402124_2019-12-30,4564,41,2,C,C,A,0.902439024390244,0.902439024390244,0.0975609756097561,4,37,0,0,False,SNV,6_30_S_COL-mapq20_c3_insert0_fdr8_l9,"(4564, 'A')",0.0975609756097561
hCoV-19_Wuhan_WIV04_2019_EPI_ISL_402124_2019-12-30,4566,43,2,T,T,A,0.8837209302325582,0.8837209302325582,0.11627906976744184,5,0,38,0,False,SNV,6_30_S_COL-mapq20_c3_insert0_fdr8_l9,"(4566, 'A')",0.11627906976744186
hCoV-19_Wuhan_WIV04_2019_EPI_ISL_402124_2019-12-30,7230,33,2,C,C,G,0.9090909090909092,0.9090909090909092,0.060606060606060615,0,30,1,2,False,SNV,6_30_S_COL-mapq20_c3_insert0_fdr8_l9,"(7230, 'G')",0.06060606060606061
hCoV-19_Wuhan_WIV04_2019_EPI_ISL_402124_2019-12-30,7232,37,2,T,T,A,0.9459459459459459,0.9459459459459459,0.054054054054054064,2,0,35,0,True,SNV,6_30_S_COL-mapq20_c3_insert0_fdr8_l9,"(7232, 'A')",0.05405405405405406
hCoV-19_Wuhan_WIV04_2019_EPI_ISL_402124_2019-12-30,7234,37,2,G,G,T,0.9459459459459459,0.9459459459459459,0.054054054054054064,0,0,2,35,False,SNV,6_30_S_COL-mapq20_c3_insert0_fdr8_l9,"(7234, 'T')",0.05405405405405406
hCoV-19_Wuhan_WIV04_2019_EPI_ISL_402124_2019-12-30,7238,29,2,C,C,T,0.9310344827586208,0.9310344827586208,0.06896551724137931,0,27,2,0,True,SNV,6_30_S_COL-mapq20_c3_insert0_fdr8_l9,"(7238, 'T')",0.06896551724137931
hCoV-19_Wuhan_WIV04_2019_EPI_ISL_402124_2019-12-30,8074,28,2,G,G,T,0.9285714285714286,0.9285714285714286,0.07142857142857142,0,0,2,26,False,SNV,6_30_S_COL-mapq20_c3_insert0_fdr8_l9,"(8074, 'T')",0.07142857142857142
hCoV-19_Wuhan_WIV04_2019_EPI_ISL_402124_2019-12-30,8852,33,2,G,G,T,0.9393939393939394,0.9393939393939394,0.060606060606060615,0,0,2,31,True,SNV,6_30_S_COL-mapq20_c3_insert0_fdr8_l9,"(8852, 'T')",0.06060606060606061
hCoV-19_Wuhan_WIV04_2019_EPI_ISL_402124_2019-12-30,8882,45,2,T,T,C,0.9333333333333332,0.9333333333333332,0.06666666666666668,0,3,42,0,False,SNV,6_30_S_COL-mapq20_c3_insert0_fdr8_l9,"(8882, 'C')",0.06666666666666667
hCoV-19_Wuhan_WIV04_2019_EPI_ISL_402124_2019-12-30,9383,33,2,C,C,G,0.9393939393939394,0.9393939393939394,0.060606060606060615,0,31,0,2,True,SNV,6_30_S_COL-mapq20_c3_insert0_fdr8_l9,"(9383, 'G')",0.06060606060606061
hCoV-19_Wuhan_WIV04_2019_EPI_ISL_402124_2019-12-30,9387,31,2,G,G,A,0.9032258064516128,0.9032258064516128,0.0967741935483871,3,0,0,28,False,SNV,6_30_S_COL-mapq20_c3_insert0_fdr8_l9,"(9387, 'A')",0.0967741935483871
hCoV-19_Wuhan_WIV04_2019_EPI_ISL_402124_2019-12-30,9501,41,2,C,C,T,0.9268292682926828,0.9268292682926828,0.07317073170731707,0,38,3,0,False,SNV,6_30_S_COL-mapq20_c3_insert0_fdr8_l9,"(9501, 'T')",0.07317073170731707
hCoV-19_Wuhan_WIV04_2019_EPI_ISL_402124_2019-12-30,10543,36,2,C,C,A,0.9444444444444444,0.9444444444444444,0.05555555555555555,2,34,0,0,False,SNV,6_30_S_COL-mapq20_c3_insert0_fdr8_l9,"(10543, 'A')",0.05555555555555555
hCoV-19_Wuhan_WIV04_2019_EPI_ISL_402124_2019-12-30,11915,22,2,C,T,C,0.09090909090909093,0.9090909090909092,0.09090909090909093,0,2,20,0,False,con_SNV,6_30_S_COL-mapq20_c3_insert0_fdr8_l9,"(11915, 'T')",0.9090909090909091
hCoV-19_Wuhan_WIV04_2019_EPI_ISL_402124_2019-12-30,14221,26,2,T,T,G,0.9230769230769232,0.9230769230769232,0.07692307692307693,0,0,24,2,False,SNV,6_30_S_COL-mapq20_c3_insert0_fdr8_l9,"(14221, 'G')",0.07692307692307693
hCoV-19_Wuhan_WIV04_2019_EPI_ISL_402124_2019-12-30,14273,26,2,G,G,C,0.9230769230769232,0.9230769230769232,0.07692307692307693,0,2,0,24,False,SNV,6_30_S_COL-mapq20_c3_insert0_fdr8_l9,"(14273, 'C')",0.07692307692307693
hCoV-19_Wuhan_WIV04_2019_EPI_ISL_402124_2019-12-30,14407,28,1,C,T,A,0.0,1.0,0.0,0,0,28,0,False,SNS,6_30_S_COL-mapq20_c3_insert0_fdr8_l9,"(14407, 'T')",1.0
hCoV-19_Wuhan_WIV04_2019_EPI_ISL_402124_2019-12-30,15070,33,2,T,T,A,0.9393939393939394,0.9393939393939394,0.060606060606060615,2,0,31,0,False,SNV,6_30_S_COL-mapq20_c3_insert0_fdr8_l9,"(15070, 'A')",0.06060606060606061
hCoV-19_Wuhan_WIV04_2019_EPI_ISL_402124_2019-12-30,17219,33,2,T,T,A,0.9393939393939394,0.9393939393939394,0.060606060606060615,2,0,31,0,False,SNV,6_30_S_COL-mapq20_c3_insert0_fdr8_l9,"(17219, 'A')",0.06060606060606061
hCoV-19_Wuhan_WIV04_2019_EPI_ISL_402124_2019-12-30,18834,43,2,A,A,G,0.9302325581395348,0.9302325581395348,0.06976744186046513,40,0,0,3,False,SNV,6_30_S_COL-mapq20_c3_insert0_fdr8_l9,"(18834, 'G')",0.06976744186046512
hCoV-19_Wuhan_WIV04_2019_EPI_ISL_402124_2019-12-30,18835,40,2,A,A,T,0.95,0.95,0.05,38,0,2,0,True,SNV,6_30_S_COL-mapq20_c3_insert0_fdr8_l9,"(18835, 'T')",0.05
hCoV-19_Wuhan_WIV04_2019_EPI_ISL_402124_2019-12-30,18840,42,2,C,C,T,0.9285714285714286,0.9285714285714286,0.07142857142857142,0,39,3,0,False,SNV,6_30_S_COL-mapq20_c3_insert0_fdr8_l9,"(18840, 'T')",0.07142857142857142
hCoV-19_Wuhan_WIV04_2019_EPI_ISL_402124_2019-12-30,18841,40,2,A,A,T,0.925,0.925,0.075,37,0,3,0,False,SNV,6_30_S_COL-mapq20_c3_insert0_fdr8_l9,"(18841, 'T')",0.075
hCoV-19_Wuhan_WIV04_2019_EPI_ISL_402124_2019-12-30,22719,31,2,A,A,G,0.7096774193548387,0.7096774193548387,0.2903225806451613,22,0,0,9,False,SNV,6_30_S_COL-mapq20_c3_insert0_fdr8_l9,"(22719, 'G')",0.2903225806451613
hCoV-19_Wuhan_WIV04_2019_EPI_ISL_402124_2019-12-30,23075,29,2,A,A,G,0.9310344827586208,0.9310344827586208,0.06896551724137931,27,0,0,2,True,SNV,6_30_S_COL-mapq20_c3_insert0_fdr8_l9,"(23075, 'G')",0.06896551724137931
hCoV-19_Wuhan_WIV04_2019_EPI_ISL_402124_2019-12-30,23076,29,2,C,C,G,0.9310344827586208,0.9310344827586208,0.06896551724137931,0,27,0,2,True,SNV,6_30_S_COL-mapq20_c3_insert0_fdr8_l9,"(23076, 'G')",0.06896551724137931
hCoV-19_Wuhan_WIV04_2019_EPI_ISL_402124_2019-12-30,23402,29,1,A,G,A,0.03448275862068965,0.9655172413793104,0.03448275862068965,1,0,0,28,False,SNS,6_30_S_COL-mapq20_c3_insert0_fdr8_l9,"(23402, 'G')",0.9655172413793104
hCoV-19_Wuhan_WIV04_2019_EPI_ISL_402124_2019-12-30,23553,40,2,A,A,G,0.95,0.95,0.05,38,0,0,2,True,SNV,6_30_S_COL-mapq20_c3_insert0_fdr8_l9,"(23553, 'G')",0.05
hCoV-19_Wuhan_WIV04_2019_EPI_ISL_402124_2019-12-30,24744,33,2,C,C,T,0.5757575757575758,0.5757575757575758,0.42424242424242425,0,19,14,0,False,SNV,6_30_S_COL-mapq20_c3_insert0_fdr8_l9,"(24744, 'T')",0.42424242424242425
hCoV-19_Wuhan_WIV04_2019_EPI_ISL_402124_2019-12-30,25562,59,1,G,T,A,0.0,1.0,0.0,0,0,59,0,False,SNS,6_30_S_COL-mapq20_c3_insert0_fdr8_l9,"(25562, 'T')",1.0
hCoV-19_Wuhan_WIV04_2019_EPI_ISL_402124_2019-12-30,26466,33,2,G,G,C,0.9090909090909092,0.9090909090909092,0.09090909090909093,0,3,0,30,False,SNV,6_30_S_COL-mapq20_c3_insert0_fdr8_l9,"(26466, 'C')",0.09090909090909091
hCoV-19_Wuhan_WIV04_2019_EPI_ISL_402124_2019-12-30,27119,38,2,A,A,T,0.9473684210526316,0.9473684210526316,0.05263157894736842,36,0,2,0,False,SNV,6_30_S_COL-mapq20_c3_insert0_fdr8_l9,"(27119, 'T')",0.05263157894736842
hCoV-19_Wuhan_WIV04_2019_EPI_ISL_402124_2019-12-30,27123,33,2,T,T,A,0.9393939393939394,0.9393939393939394,0.060606060606060615,2,0,31,0,False,SNV,6_30_S_COL-mapq20_c3_insert0_fdr8_l9,"(27123, 'A')",0.06060606060606061
hCoV-19_Wuhan_WIV04_2019_EPI_ISL_402124_2019-12-30,28086,13,1,C,T,C,0.07692307692307693,0.9230769230769232,0.07692307692307693,0,1,12,0,False,SNS,6_30_S_COL-mapq20_c3_insert0_fdr8_l9,"(28086, 'T')",0.9230769230769231
hCoV-19_Wuhan_WIV04_2019_EPI_ISL_402124_2019-12-30,28377,31,2,G,G,A,0.5161290322580645,0.5161290322580645,0.4838709677419355,15,0,0,16,False,SNV,6_30_S_COL-mapq20_c3_insert0_fdr8_l9,"(28377, 'A')",0.4838709677419355
hCoV-19_Wuhan_WIV04_2019_EPI_ISL_402124_2019-12-30,29196,36,2,C,C,G,0.9444444444444444,0.9444444444444444,0.05555555555555555,0,34,0,2,False,SNV,6_30_S_COL-mapq20_c3_insert0_fdr8_l9,"(29196, 'G')",0.05555555555555555
hCoV-19_Wuhan_WIV04_2019_EPI_ISL_402124_2019-12-30,240,15,1,C,T,C,0.06666666666666668,0.9333333333333332,0.06666666666666668,0,1,14,0,False,SNS,5_19_S_2-mapq20_c3_insert0_fdr8_l9,"(240, 'T')",0.9333333333333333
hCoV-19_Wuhan_WIV04_2019_EPI_ISL_402124_2019-12-30,1058,4,1,C,T,C,0.25,0.75,0.25,0,1,3,0,False,SNS,5_19_S_2-mapq20_c3_insert0_fdr8_l9,"(1058, 'T')",0.75
hCoV-19_Wuhan_WIV04_2019_EPI_ISL_402124_2019-12-30,3036,7,1,C,T,A,0.0,1.0,0.0,0,0,7,0,False,SNS,5_19_S_2-mapq20_c3_insert0_fdr8_l9,"(3036, 'T')",1.0
hCoV-19_Wuhan_WIV04_2019_EPI_ISL_402124_2019-12-30,5071,7,2,G,G,A,0.7142857142857143,0.7142857142857143,0.2857142857142857,2,0,0,5,False,SNV,5_19_S_2-mapq20_c3_insert0_fdr8_l9,"(5071, 'A')",0.2857142857142857
hCoV-19_Wuhan_WIV04_2019_EPI_ISL_402124_2019-12-30,10533,9,2,T,T,C,0.7777777777777778,0.7777777777777778,0.2222222222222222,0,2,7,0,False,SNV,5_19_S_2-mapq20_c3_insert0_fdr8_l9,"(10533, 'C')",0.2222222222222222
hCoV-19_Wuhan_WIV04_2019_EPI_ISL_402124_2019-12-30,10540,10,2,C,C,A,0.8,0.8,0.2,2,8,0,0,False,SNV,5_19_S_2-mapq20_c3_insert0_fdr8_l9,"(10540, 'A')",0.2
hCoV-19_Wuhan_WIV04_2019_EPI_ISL_402124_2019-12-30,10547,13,2,T,T,A,0.8461538461538461,0.8461538461538461,0.15384615384615385,2,0,11,0,False,SNV,5_19_S_2-mapq20_c3_insert0_fdr8_l9,"(10547, 'A')",0.15384615384615385
hCoV-19_Wuhan_WIV04_2019_EPI_ISL_402124_2019-12-30,11497,15,2,T,T,A,0.8666666666666667,0.8666666666666667,0.13333333333333333,2,0,13,0,False,SNV,5_19_S_2-mapq20_c3_insert0_fdr8_l9,"(11497, 'A')",0.13333333333333333
hCoV-19_Wuhan_WIV04_2019_EPI_ISL_402124_2019-12-30,11499,15,2,A,A,C,0.8666666666666667,0.8666666666666667,0.13333333333333333,13,2,0,0,False,SNV,5_19_S_2-mapq20_c3_insert0_fdr8_l9,"(11499, 'C')",0.13333333333333333
hCoV-19_Wuhan_WIV04_2019_EPI_ISL_402124_2019-12-30,11500,16,2,G,G,T,0.875,0.875,0.125,0,0,2,14,False,SNV,5_19_S_2-mapq20_c3_insert0_fdr8_l9,"(11500, 'T')",0.125
hCoV-19_Wuhan_WIV04_2019_EPI_ISL_402124_2019-12-30,11502,17,2,T,T,A,0.8823529411764706,0.8823529411764706,0.1176470588235294,2,0,15,0,False,SNV,5_19_S_2-mapq20_c3_insert0_fdr8_l9,"(11502, 'A')",0.11764705882352941
hCoV-19_Wuhan_WIV04_2019_EPI_ISL_402124_2019-12-30,13249,15,2,T,T,C,0.8,0.8,0.2,0,3,12,0,False,SNV,5_19_S_2-mapq20_c3_insert0_fdr8_l9,"(13249, 'C')",0.2
hCoV-19_Wuhan_WIV04_2019_EPI_ISL_402124_2019-12-30,13253,14,2,G,G,T,0.8571428571428571,0.8571428571428571,0.14285714285714285,0,0,2,12,False,SNV,5_19_S_2-mapq20_c3_insert0_fdr8_l9,"(13253, 'T')",0.14285714285714285
hCoV-19_Wuhan_WIV04_2019_EPI_ISL_402124_2019-12-30,13255,15,2,C,C,T,0.8666666666666667,0.8666666666666667,0.13333333333333333,0,13,2,0,False,SNV,5_19_S_2-mapq20_c3_insert0_fdr8_l9,"(13255, 'T')",0.13333333333333333
hCoV-19_Wuhan_WIV04_2019_EPI_ISL_402124_2019-12-30,14407,4,1,C,T,A,0.0,1.0,0.0,0,0,4,0,False,SNS,5_19_S_2-mapq20_c3_insert0_fdr8_l9,"(14407, 'T')",1.0
hCoV-19_Wuhan_WIV04_2019_EPI_ISL_402124_2019-12-30,16000,9,2,T,T,A,0.7777777777777778,0.7777777777777778,0.2222222222222222,2,0,7,0,False,SNV,5_19_S_2-mapq20_c3_insert0_fdr8_l9,"(16000, 'A')",0.2222222222222222
hCoV-19_Wuhan_WIV04_2019_EPI_ISL_402124_2019-12-30,18525,8,2,C,C,T,0.625,0.625,0.25,0,5,2,1,False,SNV,5_19_S_2-mapq20_c3_insert0_fdr8_l9,"(18525, 'T')",0.25
hCoV-19_Wuhan_WIV04_2019_EPI_ISL_402124_2019-12-30,18528,8,2,A,A,T,0.625,0.625,0.375,5,0,3,0,False,SNV,5_19_S_2-mapq20_c3_insert0_fdr8_l9,"(18528, 'T')",0.375
hCoV-19_Wuhan_WIV04_2019_EPI_ISL_402124_2019-12-30,23354,13,2,T,T,C,0.8461538461538461,0.8461538461538461,0.15384615384615385,0,2,11,0,False,SNV,5_19_S_2-mapq20_c3_insert0_fdr8_l9,"(23354, 'C')",0.15384615384615385
hCoV-19_Wuhan_WIV04_2019_EPI_ISL_402124_2019-12-30,23402,15,2,A,G,A,0.13333333333333333,0.8666666666666667,0.13333333333333333,2,0,0,13,False,con_SNV,5_19_S_2-mapq20_c3_insert0_fdr8_l9,"(23402, 'G')",0.8666666666666667
hCoV-19_Wuhan_WIV04_2019_EPI_ISL_402124_2019-12-30,23430,13,2,T,T,C,0.8461538461538461,0.8461538461538461,0.15384615384615385,0,2,11,0,False,SNV,5_19_S_2-mapq20_c3_insert0_fdr8_l9,"(23430, 'C')",0.15384615384615385
hCoV-19_Wuhan_WIV04_2019_EPI_ISL_402124_2019-12-30,24965,6,2,A,A,T,0.6666666666666666,0.6666666666666666,0.3333333333333333,4,0,2,0,False,SNV,5_19_S_2-mapq20_c3_insert0_fdr8_l9,"(24965, 'T')",0.3333333333333333
hCoV-19_Wuhan_WIV04_2019_EPI_ISL_402124_2019-12-30,25562,13,2,G,T,G,0.3076923076923077,0.6923076923076923,0.3076923076923077,0,0,9,4,False,con_SNV,5_19_S_2-mapq20_c3_insert0_fdr8_l9,"(25562, 'T')",0.6923076923076923
hCoV-19_Wuhan_WIV04_2019_EPI_ISL_402124_2019-12-30,25946,9,2,G,G,C,0.7777777777777778,0.7777777777777778,0.2222222222222222,0,2,0,7,False,SNV,5_19_S_2-mapq20_c3_insert0_fdr8_l9,"(25946, 'C')",0.2222222222222222
hCoV-19_Wuhan_WIV04_2019_EPI_ISL_402124_2019-12-30,26466,9,2,G,G,C,0.7777777777777778,0.7777777777777778,0.2222222222222222,0,2,0,7,False,SNV,5_19_S_2-mapq20_c3_insert0_fdr8_l9,"(26466, 'C')",0.2222222222222222
hCoV-19_Wuhan_WIV04_2019_EPI_ISL_402124_2019-12-30,27963,19,2,C,C,T,0.631578947368421,0.631578947368421,0.3684210526315789,0,12,7,0,False,SNV,5_19_S_2-mapq20_c3_insert0_fdr8_l9,"(27963, 'T')",0.3684210526315789
hCoV-19_Wuhan_WIV04_2019_EPI_ISL_402124_2019-12-30,28008,19,2,T,T,C,0.8947368421052632,0.8947368421052632,0.10526315789473684,0,2,17,0,False,SNV,5_19_S_2-mapq20_c3_insert0_fdr8_l9,"(28008, 'C')",0.10526315789473684
hCoV-19_Wuhan_WIV04_2019_EPI_ISL_402124_2019-12-30,28085,16,2,G,G,T,0.875,0.875,0.125,0,0,2,14,False,SNV,5_19_S_2-mapq20_c3_insert0_fdr8_l9,"(28085, 'T')",0.125
hCoV-19_Wuhan_WIV04_2019_EPI_ISL_402124_2019-12-30,28239,25,2,T,T,C,0.92,0.92,0.08,0,2,23,0,False,SNV,5_19_S_2-mapq20_c3_insert0_fdr8_l9,"(28239, 'C')",0.08
hCoV-19_Wuhan_WIV04_2019_EPI_ISL_402124_2019-12-30,28880,24,2,G,G,A,0.7916666666666666,0.7916666666666666,0.2083333333333333,5,0,0,19,False,SNV,5_19_S_2-mapq20_c3_insert0_fdr8_l9,"(28880, 'A')",0.20833333333333334
hCoV-19_Wuhan_WIV04_2019_EPI_ISL_402124_2019-12-30,28881,24,2,G,G,A,0.7916666666666666,0.7916666666666666,0.2083333333333333,5,0,0,19,False,SNV,5_19_S_2-mapq20_c3_insert0_fdr8_l9,"(28881, 'A')",0.20833333333333334
hCoV-19_Wuhan_WIV04_2019_EPI_ISL_402124_2019-12-30,28882,25,2,G,G,C,0.76,0.76,0.24,0,6,0,19,False,SNV,5_19_S_2-mapq20_c3_insert0_fdr8_l9,"(28882, 'C')",0.24
hCoV-19_Wuhan_WIV04_2019_EPI_ISL_402124_2019-12-30,29539,16,2,G,G,A,0.875,0.875,0.125,2,0,0,14,False,SNV,5_19_S_2-mapq20_c3_insert0_fdr8_l9,"(29539, 'A')",0.125
hCoV-19_Wuhan_WIV04_2019_EPI_ISL_402124_2019-12-30,240,53,1,C,T,A,0.0,1.0,0.0,0,0,53,0,False,SNS,5_19_S-mapq20_c3_insert0_fdr8_l9,"(240, 'T')",1.0
hCoV-19_Wuhan_WIV04_2019_EPI_ISL_402124_2019-12-30,262,71,2,A,A,T,0.9295774647887324,0.9295774647887324,0.07042253521126761,66,0,5,0,False,SNV,5_19_S-mapq20_c3_insert0_fdr8_l9,"(262, 'T')",0.07042253521126761
hCoV-19_Wuhan_WIV04_2019_EPI_ISL_402124_2019-12-30,263,68,2,A,A,G,0.9264705882352942,0.9264705882352942,0.07352941176470587,63,0,0,5,False,SNV,5_19_S-mapq20_c3_insert0_fdr8_l9,"(263, 'G')",0.07352941176470588
hCoV-19_Wuhan_WIV04_2019_EPI_ISL_402124_2019-12-30,265,73,2,A,A,T,0.9315068493150684,0.9315068493150684,0.0684931506849315,68,0,5,0,False,SNV,5_19_S-mapq20_c3_insert0_fdr8_l9,"(265, 'T')",0.0684931506849315
hCoV-19_Wuhan_WIV04_2019_EPI_ISL_402124_2019-12-30,1058,91,1,C,T,C,0.03296703296703297,0.967032967032967,0.03296703296703297,0,3,88,0,False,SNS,5_19_S-mapq20_c3_insert0_fdr8_l9,"(1058, 'T')",0.967032967032967
hCoV-19_Wuhan_WIV04_2019_EPI_ISL_402124_2019-12-30,2039,127,2,C,C,T,0.9133858267716536,0.9133858267716536,0.08661417322834647,0,116,11,0,False,SNV,5_19_S-mapq20_c3_insert0_fdr8_l9,"(2039, 'T')",0.08661417322834646
hCoV-19_Wuhan_WIV04_2019_EPI_ISL_402124_2019-12-30,3036,134,1,C,T,A,0.0,1.0,0.0,0,0,134,0,False,SNS,5_19_S-mapq20_c3_insert0_fdr8_l9,"(3036, 'T')",1.0
hCoV-19_Wuhan_WIV04_2019_EPI_ISL_402124_2019-12-30,14407,84,1,C,T,A,0.0,1.0,0.0,0,0,84,0,False,SNS,5_19_S-mapq20_c3_insert0_fdr8_l9,"(14407, 'T')",1.0
hCoV-19_Wuhan_WIV04_2019_EPI_ISL_402124_2019-12-30,17824,115,2,C,C,T,0.9304347826086956,0.9304347826086956,0.06956521739130435,0,107,8,0,False,SNV,5_19_S-mapq20_c3_insert0_fdr8_l9,"(17824, 'T')",0.06956521739130435
hCoV-19_Wuhan_WIV04_2019_EPI_ISL_402124_2019-12-30,18486,105,2,A,A,G,0.9238095238095241,0.9238095238095241,0.0761904761904762,97,0,0,8,False,SNV,5_19_S-mapq20_c3_insert0_fdr8_l9,"(18486, 'G')",0.0761904761904762
hCoV-19_Wuhan_WIV04_2019_EPI_ISL_402124_2019-12-30,20843,102,2,C,T,C,0.4901960784313725,0.5098039215686274,0.4901960784313725,0,50,52,0,False,con_SNV,5_19_S-mapq20_c3_insert0_fdr8_l9,"(20843, 'T')",0.5098039215686274
hCoV-19_Wuhan_WIV04_2019_EPI_ISL_402124_2019-12-30,22328,102,2,C,C,T,0.9313725490196079,0.9313725490196079,0.06862745098039216,0,95,7,0,False,SNV,5_19_S-mapq20_c3_insert0_fdr8_l9,"(22328, 'T')",0.06862745098039216
hCoV-19_Wuhan_WIV04_2019_EPI_ISL_402124_2019-12-30,23402,103,1,A,G,A,0.0,1.0,0.0,0,0,0,103,False,SNS,5_19_S-mapq20_c3_insert0_fdr8_l9,"(23402, 'G')",1.0
hCoV-19_Wuhan_WIV04_2019_EPI_ISL_402124_2019-12-30,23553,129,2,A,A,G,0.9379844961240308,0.9379844961240308,0.06201550387596898,121,0,0,8,False,SNV,5_19_S-mapq20_c3_insert0_fdr8_l9,"(23553, 'G')",0.06201550387596899
hCoV-19_Wuhan_WIV04_2019_EPI_ISL_402124_2019-12-30,25562,105,1,G,T,C,0.009523809523809523,0.9809523809523808,0.009523809523809523,0,1,103,1,False,SNS,5_19_S-mapq20_c3_insert0_fdr8_l9,"(25562, 'T')",0.9809523809523809
hCoV-19_Wuhan_WIV04_2019_EPI_ISL_402124_2019-12-30,27963,117,2,C,T,C,0.11965811965811965,0.8803418803418803,0.11965811965811965,0,14,103,0,False,con_SNV,5_19_S-mapq20_c3_insert0_fdr8_l9,"(27963, 'T')",0.8803418803418803
