scaffold,position,refBase,A,C,T,G,conBase,varBase,allele_count,cryptic,baseCoverage,varFreq,conFreq,refFreq,sample,key,key_freq
hCoV-19_Wuhan_WIV04_2019_EPI_ISL_402124_2019-12-30,33,A,6,0,2,0,A,T,2,False,8,0.25,0.75,0.75,6_30_S_MOS,"(33, 'T')",0.25
hCoV-19_Wuhan_WIV04_2019_EPI_ISL_402124_2019-12-30,34,A,5,0,2,0,A,T,2,False,7,0.2857142857142857,0.7142857142857143,0.7142857142857143,6_30_S_MOS,"(34, 'T')",0.2857142857142857
hCoV-19_Wuhan_WIV04_2019_EPI_ISL_402124_2019-12-30,35,C,0,7,2,0,C,T,2,False,9,0.2222222222222222,0.7777777777777778,0.7777777777777778,6_30_S_MOS,"(35, 'T')",0.2222222222222222
hCoV-19_Wuhan_WIV04_2019_EPI_ISL_402124_2019-12-30,240,C,0,1,31,0,T,C,1,False,32,0.03125,0.96875,0.03125,6_30_S_MOS,"(240, 'T')",0.96875
hCoV-19_Wuhan_WIV04_2019_EPI_ISL_402124_2019-12-30,1025,C,0,24,2,0,C,T,2,False,26,0.07692307692307693,0.9230769230769232,0.9230769230769232,6_30_S_MOS,"(1025, 'T')",0.07692307692307693
hCoV-19_Wuhan_WIV04_2019_EPI_ISL_402124_2019-12-30,1058,C,0,0,27,0,T,A,1,False,27,0.0,1.0,0.0,6_30_S_MOS,"(1058, 'T')",1.0
hCoV-19_Wuhan_WIV04_2019_EPI_ISL_402124_2019-12-30,1384,C,0,30,9,0,C,T,2,False,39,0.2307692307692308,0.7692307692307693,0.7692307692307693,6_30_S_MOS,"(1384, 'T')",0.23076923076923078
hCoV-19_Wuhan_WIV04_2019_EPI_ISL_402124_2019-12-30,1737,G,0,0,16,19,G,T,2,False,35,0.4571428571428571,0.5428571428571428,0.5428571428571428,6_30_S_MOS,"(1737, 'T')",0.45714285714285713
hCoV-19_Wuhan_WIV04_2019_EPI_ISL_402124_2019-12-30,2034,G,0,0,11,17,G,T,2,False,28,0.3928571428571429,0.6071428571428571,0.6071428571428571,6_30_S_MOS,"(2034, 'T')",0.39285714285714285
hCoV-19_Wuhan_WIV04_2019_EPI_ISL_402124_2019-12-30,2586,T,2,0,18,0,T,A,2,False,20,0.1,0.9,0.9,6_30_S_MOS,"(2586, 'A')",0.1
hCoV-19_Wuhan_WIV04_2019_EPI_ISL_402124_2019-12-30,2791,T,0,2,31,0,T,C,2,False,33,0.060606060606060615,0.9393939393939394,0.9393939393939394,6_30_S_MOS,"(2791, 'C')",0.06060606060606061
hCoV-19_Wuhan_WIV04_2019_EPI_ISL_402124_2019-12-30,3036,C,0,0,24,0,T,A,1,False,24,0.0,1.0,0.0,6_30_S_MOS,"(3036, 'T')",1.0
hCoV-19_Wuhan_WIV04_2019_EPI_ISL_402124_2019-12-30,3241,G,11,0,0,16,G,A,2,False,27,0.4074074074074074,0.5925925925925926,0.5925925925925926,6_30_S_MOS,"(3241, 'A')",0.4074074074074074
hCoV-19_Wuhan_WIV04_2019_EPI_ISL_402124_2019-12-30,3583,G,2,0,0,22,G,A,2,False,24,0.08333333333333333,0.9166666666666666,0.9166666666666666,6_30_S_MOS,"(3583, 'A')",0.08333333333333333
hCoV-19_Wuhan_WIV04_2019_EPI_ISL_402124_2019-12-30,4793,C,0,35,2,0,C,T,2,False,37,0.054054054054054064,0.9459459459459459,0.9459459459459459,6_30_S_MOS,"(4793, 'T')",0.05405405405405406
hCoV-19_Wuhan_WIV04_2019_EPI_ISL_402124_2019-12-30,5467,T,0,0,35,2,T,G,2,False,37,0.054054054054054064,0.9459459459459459,0.9459459459459459,6_30_S_MOS,"(5467, 'G')",0.05405405405405406
hCoV-19_Wuhan_WIV04_2019_EPI_ISL_402124_2019-12-30,5811,C,0,17,12,0,C,T,2,False,29,0.4137931034482759,0.5862068965517241,0.5862068965517241,6_30_S_MOS,"(5811, 'T')",0.41379310344827586
hCoV-19_Wuhan_WIV04_2019_EPI_ISL_402124_2019-12-30,6267,C,2,26,0,0,C,A,2,True,28,0.07142857142857142,0.9285714285714286,0.9285714285714286,6_30_S_MOS,"(6267, 'A')",0.07142857142857142
hCoV-19_Wuhan_WIV04_2019_EPI_ISL_402124_2019-12-30,8082,G,10,1,0,19,G,A,2,False,30,0.3333333333333333,0.6333333333333333,0.6333333333333333,6_30_S_MOS,"(8082, 'A')",0.3333333333333333
hCoV-19_Wuhan_WIV04_2019_EPI_ISL_402124_2019-12-30,8882,T,0,2,23,0,T,C,2,False,25,0.08,0.92,0.92,6_30_S_MOS,"(8882, 'C')",0.08
hCoV-19_Wuhan_WIV04_2019_EPI_ISL_402124_2019-12-30,9264,T,0,2,38,0,T,C,2,True,40,0.05,0.95,0.95,6_30_S_MOS,"(9264, 'C')",0.05
hCoV-19_Wuhan_WIV04_2019_EPI_ISL_402124_2019-12-30,10187,C,0,17,14,0,C,T,2,False,31,0.4516129032258064,0.5483870967741935,0.5483870967741935,6_30_S_MOS,"(10187, 'T')",0.45161290322580644
hCoV-19_Wuhan_WIV04_2019_EPI_ISL_402124_2019-12-30,10318,C,0,31,6,0,C,T,2,False,37,0.16216216216216214,0.8378378378378378,0.8378378378378378,6_30_S_MOS,"(10318, 'T')",0.16216216216216217
hCoV-19_Wuhan_WIV04_2019_EPI_ISL_402124_2019-12-30,10543,C,3,31,0,0,C,A,2,False,34,0.08823529411764706,0.9117647058823528,0.9117647058823528,6_30_S_MOS,"(10543, 'A')",0.08823529411764706
hCoV-19_Wuhan_WIV04_2019_EPI_ISL_402124_2019-12-30,10544,A,35,0,4,0,A,T,2,False,39,0.10256410256410256,0.8974358974358975,0.8974358974358975,6_30_S_MOS,"(10544, 'T')",0.10256410256410256
hCoV-19_Wuhan_WIV04_2019_EPI_ISL_402124_2019-12-30,10547,T,3,0,32,0,T,A,2,False,35,0.08571428571428573,0.9142857142857144,0.9142857142857144,6_30_S_MOS,"(10547, 'A')",0.08571428571428572
hCoV-19_Wuhan_WIV04_2019_EPI_ISL_402124_2019-12-30,11465,G,2,0,0,26,G,A,2,False,28,0.07142857142857142,0.9285714285714286,0.9285714285714286,6_30_S_MOS,"(11465, 'A')",0.07142857142857142
hCoV-19_Wuhan_WIV04_2019_EPI_ISL_402124_2019-12-30,11466,G,2,0,0,27,G,A,2,False,29,0.06896551724137931,0.9310344827586208,0.9310344827586208,6_30_S_MOS,"(11466, 'A')",0.06896551724137931
hCoV-19_Wuhan_WIV04_2019_EPI_ISL_402124_2019-12-30,11467,G,2,0,0,27,G,A,2,False,29,0.06896551724137931,0.9310344827586208,0.9310344827586208,6_30_S_MOS,"(11467, 'A')",0.06896551724137931
hCoV-19_Wuhan_WIV04_2019_EPI_ISL_402124_2019-12-30,11811,C,3,35,0,0,C,A,2,False,38,0.07894736842105263,0.9210526315789472,0.9210526315789472,6_30_S_MOS,"(11811, 'A')",0.07894736842105263
hCoV-19_Wuhan_WIV04_2019_EPI_ISL_402124_2019-12-30,11915,C,0,19,12,0,C,T,2,False,31,0.3870967741935484,0.6129032258064516,0.6129032258064516,6_30_S_MOS,"(11915, 'T')",0.3870967741935484
hCoV-19_Wuhan_WIV04_2019_EPI_ISL_402124_2019-12-30,13260,C,0,29,13,0,C,T,2,False,42,0.30952380952380953,0.6904761904761905,0.6904761904761905,6_30_S_MOS,"(13260, 'T')",0.30952380952380953
hCoV-19_Wuhan_WIV04_2019_EPI_ISL_402124_2019-12-30,14221,T,0,0,32,3,T,G,2,False,35,0.08571428571428573,0.9142857142857144,0.9142857142857144,6_30_S_MOS,"(14221, 'G')",0.08571428571428572
hCoV-19_Wuhan_WIV04_2019_EPI_ISL_402124_2019-12-30,14222,A,32,3,0,0,A,C,2,False,35,0.08571428571428573,0.9142857142857144,0.9142857142857144,6_30_S_MOS,"(14222, 'C')",0.08571428571428572
hCoV-19_Wuhan_WIV04_2019_EPI_ISL_402124_2019-12-30,14224,C,0,33,3,0,C,T,2,False,36,0.08333333333333333,0.9166666666666666,0.9166666666666666,6_30_S_MOS,"(14224, 'T')",0.08333333333333333
hCoV-19_Wuhan_WIV04_2019_EPI_ISL_402124_2019-12-30,14331,T,2,0,19,0,T,A,2,False,21,0.09523809523809523,0.9047619047619048,0.9047619047619048,6_30_S_MOS,"(14331, 'A')",0.09523809523809523
hCoV-19_Wuhan_WIV04_2019_EPI_ISL_402124_2019-12-30,14334,G,0,0,2,21,G,T,2,False,23,0.08695652173913042,0.9130434782608696,0.9130434782608696,6_30_S_MOS,"(14334, 'T')",0.08695652173913043
hCoV-19_Wuhan_WIV04_2019_EPI_ISL_402124_2019-12-30,14407,C,0,0,28,0,T,A,1,False,28,0.0,1.0,0.0,6_30_S_MOS,"(14407, 'T')",1.0
hCoV-19_Wuhan_WIV04_2019_EPI_ISL_402124_2019-12-30,14804,C,0,38,5,0,C,T,2,False,43,0.11627906976744184,0.8837209302325582,0.8837209302325582,6_30_S_MOS,"(14804, 'T')",0.11627906976744186
hCoV-19_Wuhan_WIV04_2019_EPI_ISL_402124_2019-12-30,14938,A,36,0,0,2,A,G,2,False,38,0.05263157894736842,0.9473684210526316,0.9473684210526316,6_30_S_MOS,"(14938, 'G')",0.05263157894736842
hCoV-19_Wuhan_WIV04_2019_EPI_ISL_402124_2019-12-30,14943,G,1,2,0,34,G,C,2,False,37,0.054054054054054064,0.9189189189189192,0.9189189189189192,6_30_S_MOS,"(14943, 'C')",0.05405405405405406
hCoV-19_Wuhan_WIV04_2019_EPI_ISL_402124_2019-12-30,14944,C,0,36,2,0,C,T,2,True,38,0.05263157894736842,0.9473684210526316,0.9473684210526316,6_30_S_MOS,"(14944, 'T')",0.05263157894736842
hCoV-19_Wuhan_WIV04_2019_EPI_ISL_402124_2019-12-30,17284,C,0,29,18,0,C,T,2,False,47,0.3829787234042553,0.6170212765957447,0.6170212765957447,6_30_S_MOS,"(17284, 'T')",0.3829787234042553
hCoV-19_Wuhan_WIV04_2019_EPI_ISL_402124_2019-12-30,17696,A,37,0,0,3,A,G,2,False,40,0.075,0.925,0.925,6_30_S_MOS,"(17696, 'G')",0.075
hCoV-19_Wuhan_WIV04_2019_EPI_ISL_402124_2019-12-30,17697,A,38,0,2,0,A,T,2,False,40,0.05,0.95,0.95,6_30_S_MOS,"(17697, 'T')",0.05
hCoV-19_Wuhan_WIV04_2019_EPI_ISL_402124_2019-12-30,18094,A,38,0,0,2,A,G,2,True,40,0.05,0.95,0.95,6_30_S_MOS,"(18094, 'G')",0.05
hCoV-19_Wuhan_WIV04_2019_EPI_ISL_402124_2019-12-30,18423,A,22,0,0,13,A,G,2,False,35,0.3714285714285713,0.6285714285714286,0.6285714285714286,6_30_S_MOS,"(18423, 'G')",0.37142857142857144
hCoV-19_Wuhan_WIV04_2019_EPI_ISL_402124_2019-12-30,19405,G,2,0,0,27,G,A,2,False,29,0.06896551724137931,0.9310344827586208,0.9310344827586208,6_30_S_MOS,"(19405, 'A')",0.06896551724137931
hCoV-19_Wuhan_WIV04_2019_EPI_ISL_402124_2019-12-30,21136,A,38,0,2,0,A,T,2,True,40,0.05,0.95,0.95,6_30_S_MOS,"(21136, 'T')",0.05
hCoV-19_Wuhan_WIV04_2019_EPI_ISL_402124_2019-12-30,21303,C,0,36,7,0,C,T,2,False,43,0.16279069767441862,0.8372093023255814,0.8372093023255814,6_30_S_MOS,"(21303, 'T')",0.16279069767441862
hCoV-19_Wuhan_WIV04_2019_EPI_ISL_402124_2019-12-30,21473,A,27,0,0,2,A,G,2,True,29,0.06896551724137931,0.9310344827586208,0.9310344827586208,6_30_S_MOS,"(21473, 'G')",0.06896551724137931
hCoV-19_Wuhan_WIV04_2019_EPI_ISL_402124_2019-12-30,21911,T,0,3,33,0,T,C,2,False,36,0.08333333333333333,0.9166666666666666,0.9166666666666666,6_30_S_MOS,"(21911, 'C')",0.08333333333333333
hCoV-19_Wuhan_WIV04_2019_EPI_ISL_402124_2019-12-30,21912,A,38,0,2,0,A,T,2,True,40,0.05,0.95,0.95,6_30_S_MOS,"(21912, 'T')",0.05
hCoV-19_Wuhan_WIV04_2019_EPI_ISL_402124_2019-12-30,23042,C,0,38,2,0,C,T,2,False,40,0.05,0.95,0.95,6_30_S_MOS,"(23042, 'T')",0.05
hCoV-19_Wuhan_WIV04_2019_EPI_ISL_402124_2019-12-30,23402,A,0,0,0,34,G,A,1,False,34,0.0,1.0,0.0,6_30_S_MOS,"(23402, 'G')",1.0
hCoV-19_Wuhan_WIV04_2019_EPI_ISL_402124_2019-12-30,23495,C,0,31,2,0,C,T,2,False,33,0.060606060606060615,0.9393939393939394,0.9393939393939394,6_30_S_MOS,"(23495, 'T')",0.06060606060606061
hCoV-19_Wuhan_WIV04_2019_EPI_ISL_402124_2019-12-30,24981,T,0,6,12,0,T,C,2,False,18,0.3333333333333333,0.6666666666666666,0.6666666666666666,6_30_S_MOS,"(24981, 'C')",0.3333333333333333
hCoV-19_Wuhan_WIV04_2019_EPI_ISL_402124_2019-12-30,25426,C,2,36,0,0,C,A,2,False,38,0.05263157894736842,0.9473684210526316,0.9473684210526316,6_30_S_MOS,"(25426, 'A')",0.05263157894736842
hCoV-19_Wuhan_WIV04_2019_EPI_ISL_402124_2019-12-30,25562,G,0,0,50,0,T,A,1,False,50,0.0,1.0,0.0,6_30_S_MOS,"(25562, 'T')",1.0
hCoV-19_Wuhan_WIV04_2019_EPI_ISL_402124_2019-12-30,25906,G,0,0,9,21,G,T,2,False,30,0.3,0.7,0.7,6_30_S_MOS,"(25906, 'T')",0.3
hCoV-19_Wuhan_WIV04_2019_EPI_ISL_402124_2019-12-30,26122,T,0,10,18,0,T,C,2,False,28,0.35714285714285715,0.6428571428571429,0.6428571428571429,6_30_S_MOS,"(26122, 'C')",0.35714285714285715
hCoV-19_Wuhan_WIV04_2019_EPI_ISL_402124_2019-12-30,26504,G,2,0,0,27,G,A,2,False,29,0.06896551724137931,0.9310344827586208,0.9310344827586208,6_30_S_MOS,"(26504, 'A')",0.06896551724137931
hCoV-19_Wuhan_WIV04_2019_EPI_ISL_402124_2019-12-30,26595,G,0,0,3,37,G,T,2,False,40,0.075,0.925,0.925,6_30_S_MOS,"(26595, 'T')",0.075
hCoV-19_Wuhan_WIV04_2019_EPI_ISL_402124_2019-12-30,27168,A,34,0,0,2,A,G,2,False,36,0.05555555555555555,0.9444444444444444,0.9444444444444444,6_30_S_MOS,"(27168, 'G')",0.05555555555555555
hCoV-19_Wuhan_WIV04_2019_EPI_ISL_402124_2019-12-30,27963,C,0,15,17,0,T,C,2,False,32,0.46875,0.53125,0.46875,6_30_S_MOS,"(27963, 'T')",0.53125
hCoV-19_Wuhan_WIV04_2019_EPI_ISL_402124_2019-12-30,28086,C,0,17,7,0,C,T,2,False,24,0.2916666666666667,0.7083333333333334,0.7083333333333334,6_30_S_MOS,"(28086, 'T')",0.2916666666666667
hCoV-19_Wuhan_WIV04_2019_EPI_ISL_402124_2019-12-30,28241,G,0,2,0,38,G,C,2,False,40,0.05,0.95,0.95,6_30_S_MOS,"(28241, 'C')",0.05
hCoV-19_Wuhan_WIV04_2019_EPI_ISL_402124_2019-12-30,28244,T,0,0,38,3,T,G,2,False,41,0.07317073170731707,0.9268292682926828,0.9268292682926828,6_30_S_MOS,"(28244, 'G')",0.07317073170731707
hCoV-19_Wuhan_WIV04_2019_EPI_ISL_402124_2019-12-30,28471,C,0,19,9,0,C,T,2,False,28,0.32142857142857145,0.6785714285714286,0.6785714285714286,6_30_S_MOS,"(28471, 'T')",0.32142857142857145
hCoV-19_Wuhan_WIV04_2019_EPI_ISL_402124_2019-12-30,28868,C,0,33,9,0,C,T,2,False,42,0.21428571428571427,0.7857142857142857,0.7857142857142857,6_30_S_MOS,"(28868, 'T')",0.21428571428571427
hCoV-19_Wuhan_WIV04_2019_EPI_ISL_402124_2019-12-30,31,C,0,21,2,0,C,T,2,False,23,0.08695652173913042,0.9130434782608696,0.9130434782608696,MR_7_1_MOS,"(31, 'T')",0.08695652173913043
hCoV-19_Wuhan_WIV04_2019_EPI_ISL_402124_2019-12-30,33,A,21,0,2,0,A,T,2,False,23,0.08695652173913042,0.9130434782608696,0.9130434782608696,MR_7_1_MOS,"(33, 'T')",0.08695652173913043
hCoV-19_Wuhan_WIV04_2019_EPI_ISL_402124_2019-12-30,34,A,23,0,3,0,A,T,2,False,26,0.1153846153846154,0.8846153846153846,0.8846153846153846,MR_7_1_MOS,"(34, 'T')",0.11538461538461539
hCoV-19_Wuhan_WIV04_2019_EPI_ISL_402124_2019-12-30,35,C,0,22,4,0,C,T,2,False,26,0.15384615384615385,0.8461538461538461,0.8461538461538461,MR_7_1_MOS,"(35, 'T')",0.15384615384615385
hCoV-19_Wuhan_WIV04_2019_EPI_ISL_402124_2019-12-30,240,C,0,0,83,0,T,A,1,False,83,0.0,1.0,0.0,MR_7_1_MOS,"(240, 'T')",1.0
hCoV-19_Wuhan_WIV04_2019_EPI_ISL_402124_2019-12-30,1058,C,0,2,62,0,T,C,1,False,64,0.03125,0.96875,0.03125,MR_7_1_MOS,"(1058, 'T')",0.96875
hCoV-19_Wuhan_WIV04_2019_EPI_ISL_402124_2019-12-30,1384,C,0,23,71,0,T,C,2,False,94,0.2446808510638297,0.7553191489361702,0.2446808510638297,MR_7_1_MOS,"(1384, 'T')",0.7553191489361702
hCoV-19_Wuhan_WIV04_2019_EPI_ISL_402124_2019-12-30,1737,G,1,0,59,21,T,G,2,False,81,0.25925925925925924,0.7283950617283951,0.25925925925925924,MR_7_1_MOS,"(1737, 'T')",0.7283950617283951
hCoV-19_Wuhan_WIV04_2019_EPI_ISL_402124_2019-12-30,2606,C,3,52,0,0,C,A,2,False,55,0.054545454545454536,0.9454545454545454,0.9454545454545454,MR_7_1_MOS,"(2606, 'A')",0.05454545454545454
hCoV-19_Wuhan_WIV04_2019_EPI_ISL_402124_2019-12-30,3036,C,0,0,88,0,T,A,1,False,88,0.0,1.0,0.0,MR_7_1_MOS,"(3036, 'T')",1.0
hCoV-19_Wuhan_WIV04_2019_EPI_ISL_402124_2019-12-30,3241,G,61,0,0,25,A,G,2,False,86,0.2906976744186047,0.7093023255813954,0.2906976744186047,MR_7_1_MOS,"(3241, 'A')",0.7093023255813954
hCoV-19_Wuhan_WIV04_2019_EPI_ISL_402124_2019-12-30,7506,A,79,5,0,0,A,C,2,False,84,0.05952380952380953,0.9404761904761904,0.9404761904761904,MR_7_1_MOS,"(7506, 'C')",0.05952380952380952
hCoV-19_Wuhan_WIV04_2019_EPI_ISL_402124_2019-12-30,8082,G,22,0,0,69,G,A,2,False,91,0.24175824175824176,0.7582417582417582,0.7582417582417582,MR_7_1_MOS,"(8082, 'A')",0.24175824175824176
hCoV-19_Wuhan_WIV04_2019_EPI_ISL_402124_2019-12-30,8882,T,0,6,87,0,T,C,2,False,93,0.06451612903225806,0.9354838709677421,0.9354838709677421,MR_7_1_MOS,"(8882, 'C')",0.06451612903225806
hCoV-19_Wuhan_WIV04_2019_EPI_ISL_402124_2019-12-30,9501,C,0,76,4,0,C,T,2,False,80,0.05,0.95,0.95,MR_7_1_MOS,"(9501, 'T')",0.05
hCoV-19_Wuhan_WIV04_2019_EPI_ISL_402124_2019-12-30,10318,C,0,66,26,0,C,T,2,False,92,0.2826086956521739,0.7173913043478259,0.7173913043478259,MR_7_1_MOS,"(10318, 'T')",0.2826086956521739
hCoV-19_Wuhan_WIV04_2019_EPI_ISL_402124_2019-12-30,10543,C,5,74,0,0,C,A,2,False,79,0.06329113924050632,0.9367088607594936,0.9367088607594936,MR_7_1_MOS,"(10543, 'A')",0.06329113924050633
hCoV-19_Wuhan_WIV04_2019_EPI_ISL_402124_2019-12-30,10544,A,81,0,6,0,A,T,2,False,87,0.06896551724137931,0.9310344827586208,0.9310344827586208,MR_7_1_MOS,"(10544, 'T')",0.06896551724137931
hCoV-19_Wuhan_WIV04_2019_EPI_ISL_402124_2019-12-30,10547,T,6,0,78,0,T,A,2,False,84,0.07142857142857142,0.9285714285714286,0.9285714285714286,MR_7_1_MOS,"(10547, 'A')",0.07142857142857142
hCoV-19_Wuhan_WIV04_2019_EPI_ISL_402124_2019-12-30,10896,A,94,0,5,1,A,T,2,False,100,0.05,0.94,0.94,MR_7_1_MOS,"(10896, 'T')",0.05
hCoV-19_Wuhan_WIV04_2019_EPI_ISL_402124_2019-12-30,11915,C,0,21,39,0,T,C,2,False,60,0.35,0.65,0.35,MR_7_1_MOS,"(11915, 'T')",0.65
hCoV-19_Wuhan_WIV04_2019_EPI_ISL_402124_2019-12-30,13686,G,0,0,4,76,G,T,2,True,80,0.05,0.95,0.95,MR_7_1_MOS,"(13686, 'T')",0.05
hCoV-19_Wuhan_WIV04_2019_EPI_ISL_402124_2019-12-30,14221,T,0,0,93,6,T,G,2,False,99,0.060606060606060615,0.9393939393939394,0.9393939393939394,MR_7_1_MOS,"(14221, 'G')",0.06060606060606061
hCoV-19_Wuhan_WIV04_2019_EPI_ISL_402124_2019-12-30,14222,A,96,6,0,0,A,C,2,False,102,0.05882352941176471,0.9411764705882352,0.9411764705882352,MR_7_1_MOS,"(14222, 'C')",0.058823529411764705
hCoV-19_Wuhan_WIV04_2019_EPI_ISL_402124_2019-12-30,14407,C,0,0,94,0,T,A,1,False,94,0.0,1.0,0.0,MR_7_1_MOS,"(14407, 'T')",1.0
hCoV-19_Wuhan_WIV04_2019_EPI_ISL_402124_2019-12-30,14804,C,0,69,20,0,C,T,2,False,89,0.2247191011235955,0.7752808988764045,0.7752808988764045,MR_7_1_MOS,"(14804, 'T')",0.2247191011235955
hCoV-19_Wuhan_WIV04_2019_EPI_ISL_402124_2019-12-30,18423,A,81,0,0,18,A,G,2,False,99,0.18181818181818185,0.8181818181818182,0.8181818181818182,MR_7_1_MOS,"(18423, 'G')",0.18181818181818182
hCoV-19_Wuhan_WIV04_2019_EPI_ISL_402124_2019-12-30,21303,C,1,76,31,0,C,T,2,False,108,0.28703703703703703,0.7037037037037037,0.7037037037037037,MR_7_1_MOS,"(21303, 'T')",0.28703703703703703
hCoV-19_Wuhan_WIV04_2019_EPI_ISL_402124_2019-12-30,23402,A,0,1,0,102,G,C,1,False,103,0.009708737864077669,0.9902912621359224,0.0,MR_7_1_MOS,"(23402, 'G')",0.9902912621359223
hCoV-19_Wuhan_WIV04_2019_EPI_ISL_402124_2019-12-30,24744,C,0,50,28,0,C,T,2,False,78,0.35897435897435903,0.6410256410256411,0.6410256410256411,MR_7_1_MOS,"(24744, 'T')",0.358974358974359
hCoV-19_Wuhan_WIV04_2019_EPI_ISL_402124_2019-12-30,25562,G,0,0,96,0,T,A,1,False,96,0.0,1.0,0.0,MR_7_1_MOS,"(25562, 'T')",1.0
hCoV-19_Wuhan_WIV04_2019_EPI_ISL_402124_2019-12-30,25906,G,0,0,19,67,G,T,2,False,86,0.22093023255813954,0.7790697674418605,0.7790697674418605,MR_7_1_MOS,"(25906, 'T')",0.22093023255813954
hCoV-19_Wuhan_WIV04_2019_EPI_ISL_402124_2019-12-30,27963,C,0,75,33,0,C,T,2,False,108,0.3055555555555556,0.6944444444444444,0.6944444444444444,MR_7_1_MOS,"(27963, 'T')",0.3055555555555556
hCoV-19_Wuhan_WIV04_2019_EPI_ISL_402124_2019-12-30,28086,C,1,18,47,0,T,C,2,False,66,0.2727272727272727,0.7121212121212122,0.2727272727272727,MR_7_1_MOS,"(28086, 'T')",0.7121212121212122
hCoV-19_Wuhan_WIV04_2019_EPI_ISL_402124_2019-12-30,28471,C,0,54,19,0,C,T,2,False,73,0.2602739726027397,0.7397260273972602,0.7397260273972602,MR_7_1_MOS,"(28471, 'T')",0.2602739726027397
hCoV-19_Wuhan_WIV04_2019_EPI_ISL_402124_2019-12-30,28868,C,0,82,33,0,C,T,2,False,115,0.28695652173913044,0.7130434782608696,0.7130434782608696,MR_7_1_MOS,"(28868, 'T')",0.28695652173913044
hCoV-19_Wuhan_WIV04_2019_EPI_ISL_402124_2019-12-30,28881,G,7,0,0,132,G,A,2,False,139,0.05035971223021583,0.9496402877697842,0.9496402877697842,MR_7_1_MOS,"(28881, 'A')",0.050359712230215826
hCoV-19_Wuhan_WIV04_2019_EPI_ISL_402124_2019-12-30,28999,G,0,0,6,113,G,T,2,True,119,0.050420168067226885,0.9495798319327732,0.9495798319327732,MR_7_1_MOS,"(28999, 'T')",0.05042016806722689
hCoV-19_Wuhan_WIV04_2019_EPI_ISL_402124_2019-12-30,29836,C,0,5,2,0,C,T,2,False,7,0.2857142857142857,0.7142857142857143,0.7142857142857143,MR_7_1_MOS,"(29836, 'T')",0.2857142857142857
hCoV-19_Wuhan_WIV04_2019_EPI_ISL_402124_2019-12-30,29837,C,1,1,0,2,G,A,1,False,4,0.25,0.5,0.25,MR_7_1_MOS,"(29837, 'G')",0.5
hCoV-19_Wuhan_WIV04_2019_EPI_ISL_402124_2019-12-30,29838,A,1,0,2,0,T,A,1,False,3,0.3333333333333333,0.6666666666666666,0.3333333333333333,MR_7_1_MOS,"(29838, 'T')",0.6666666666666666
hCoV-19_Wuhan_WIV04_2019_EPI_ISL_402124_2019-12-30,29839,T,0,0,1,2,G,T,1,False,3,0.3333333333333333,0.6666666666666666,0.3333333333333333,MR_7_1_MOS,"(29839, 'G')",0.6666666666666666
hCoV-19_Wuhan_WIV04_2019_EPI_ISL_402124_2019-12-30,240,C,0,0,12,0,T,A,1,False,12,0.0,1.0,0.0,5_28_S,"(240, 'T')",1.0
hCoV-19_Wuhan_WIV04_2019_EPI_ISL_402124_2019-12-30,1569,T,0,2,9,0,T,C,2,False,11,0.18181818181818185,0.8181818181818182,0.8181818181818182,5_28_S,"(1569, 'C')",0.18181818181818182
hCoV-19_Wuhan_WIV04_2019_EPI_ISL_402124_2019-12-30,2667,C,0,1,2,0,T,C,1,False,3,0.3333333333333333,0.6666666666666666,0.3333333333333333,5_28_S,"(2667, 'T')",0.6666666666666666
hCoV-19_Wuhan_WIV04_2019_EPI_ISL_402124_2019-12-30,3036,C,0,0,7,0,T,A,1,False,7,0.0,1.0,0.0,5_28_S,"(3036, 'T')",1.0
hCoV-19_Wuhan_WIV04_2019_EPI_ISL_402124_2019-12-30,3191,A,8,2,0,0,A,C,2,False,10,0.2,0.8,0.8,5_28_S,"(3191, 'C')",0.2
hCoV-19_Wuhan_WIV04_2019_EPI_ISL_402124_2019-12-30,3896,T,0,2,4,0,T,C,2,False,6,0.3333333333333333,0.6666666666666666,0.6666666666666666,5_28_S,"(3896, 'C')",0.3333333333333333
hCoV-19_Wuhan_WIV04_2019_EPI_ISL_402124_2019-12-30,7506,A,3,2,0,0,A,C,2,False,5,0.4,0.6,0.6,5_28_S,"(7506, 'C')",0.4
hCoV-19_Wuhan_WIV04_2019_EPI_ISL_402124_2019-12-30,9501,C,0,2,2,0,C,T,2,False,4,0.5,0.5,0.5,5_28_S,"(9501, 'T')",0.5
hCoV-19_Wuhan_WIV04_2019_EPI_ISL_402124_2019-12-30,9886,T,3,0,8,0,T,A,2,False,11,0.2727272727272727,0.7272727272727273,0.7272727272727273,5_28_S,"(9886, 'A')",0.2727272727272727
hCoV-19_Wuhan_WIV04_2019_EPI_ISL_402124_2019-12-30,9890,C,0,9,2,0,C,T,2,False,11,0.18181818181818185,0.8181818181818182,0.8181818181818182,5_28_S,"(9890, 'T')",0.18181818181818182
hCoV-19_Wuhan_WIV04_2019_EPI_ISL_402124_2019-12-30,10771,G,3,0,0,0,A,A,1,False,3,1.0,1.0,0.0,5_28_S,"(10771, 'A')",1.0
hCoV-19_Wuhan_WIV04_2019_EPI_ISL_402124_2019-12-30,12788,C,0,14,0,2,C,G,2,False,16,0.125,0.875,0.875,5_28_S,"(12788, 'G')",0.125
hCoV-19_Wuhan_WIV04_2019_EPI_ISL_402124_2019-12-30,15301,A,6,2,0,0,A,C,2,False,8,0.25,0.75,0.75,5_28_S,"(15301, 'C')",0.25
hCoV-19_Wuhan_WIV04_2019_EPI_ISL_402124_2019-12-30,17915,A,5,0,0,2,A,G,2,False,7,0.2857142857142857,0.7142857142857143,0.7142857142857143,5_28_S,"(17915, 'G')",0.2857142857142857
hCoV-19_Wuhan_WIV04_2019_EPI_ISL_402124_2019-12-30,17919,A,5,0,0,2,A,G,2,False,7,0.2857142857142857,0.7142857142857143,0.7142857142857143,5_28_S,"(17919, 'G')",0.2857142857142857
hCoV-19_Wuhan_WIV04_2019_EPI_ISL_402124_2019-12-30,18309,G,0,0,2,4,G,T,2,False,6,0.3333333333333333,0.6666666666666666,0.6666666666666666,5_28_S,"(18309, 'T')",0.3333333333333333
hCoV-19_Wuhan_WIV04_2019_EPI_ISL_402124_2019-12-30,18840,C,0,6,2,0,C,T,2,False,8,0.25,0.75,0.75,5_28_S,"(18840, 'T')",0.25
hCoV-19_Wuhan_WIV04_2019_EPI_ISL_402124_2019-12-30,18841,A,6,0,2,0,A,T,2,False,8,0.25,0.75,0.75,5_28_S,"(18841, 'T')",0.25
hCoV-19_Wuhan_WIV04_2019_EPI_ISL_402124_2019-12-30,18997,C,0,5,2,0,C,T,2,False,7,0.2857142857142857,0.7142857142857143,0.7142857142857143,5_28_S,"(18997, 'T')",0.2857142857142857
hCoV-19_Wuhan_WIV04_2019_EPI_ISL_402124_2019-12-30,21074,T,0,2,6,0,T,C,2,False,8,0.25,0.75,0.75,5_28_S,"(21074, 'C')",0.25
hCoV-19_Wuhan_WIV04_2019_EPI_ISL_402124_2019-12-30,21247,T,0,0,14,2,T,G,2,False,16,0.125,0.875,0.875,5_28_S,"(21247, 'G')",0.125
hCoV-19_Wuhan_WIV04_2019_EPI_ISL_402124_2019-12-30,21443,A,19,0,2,0,A,T,2,False,21,0.09523809523809523,0.9047619047619048,0.9047619047619048,5_28_S,"(21443, 'T')",0.09523809523809523
hCoV-19_Wuhan_WIV04_2019_EPI_ISL_402124_2019-12-30,21450,G,0,0,2,17,G,T,2,False,19,0.10526315789473684,0.8947368421052632,0.8947368421052632,5_28_S,"(21450, 'T')",0.10526315789473684
hCoV-19_Wuhan_WIV04_2019_EPI_ISL_402124_2019-12-30,23402,A,0,0,0,8,G,A,1,False,8,0.0,1.0,0.0,5_28_S,"(23402, 'G')",1.0
hCoV-19_Wuhan_WIV04_2019_EPI_ISL_402124_2019-12-30,25562,G,0,0,6,3,T,G,2,False,9,0.3333333333333333,0.6666666666666666,0.3333333333333333,5_28_S,"(25562, 'T')",0.6666666666666666
hCoV-19_Wuhan_WIV04_2019_EPI_ISL_402124_2019-12-30,26553,A,3,0,0,2,A,G,2,False,5,0.4,0.6,0.6,5_28_S,"(26553, 'G')",0.4
hCoV-19_Wuhan_WIV04_2019_EPI_ISL_402124_2019-12-30,27863,C,2,11,0,0,C,A,2,False,13,0.15384615384615385,0.8461538461538461,0.8461538461538461,5_28_S,"(27863, 'A')",0.15384615384615385
hCoV-19_Wuhan_WIV04_2019_EPI_ISL_402124_2019-12-30,28008,T,0,2,10,0,T,C,2,False,12,0.16666666666666666,0.8333333333333334,0.8333333333333334,5_28_S,"(28008, 'C')",0.16666666666666666
hCoV-19_Wuhan_WIV04_2019_EPI_ISL_402124_2019-12-30,28377,G,0,0,2,23,G,T,2,False,25,0.08,0.92,0.92,5_28_S,"(28377, 'T')",0.08
hCoV-19_Wuhan_WIV04_2019_EPI_ISL_402124_2019-12-30,28880,G,9,0,1,23,G,A,2,False,33,0.2727272727272727,0.696969696969697,0.696969696969697,5_28_S,"(28880, 'A')",0.2727272727272727
hCoV-19_Wuhan_WIV04_2019_EPI_ISL_402124_2019-12-30,28881,G,9,0,0,24,G,A,2,False,33,0.2727272727272727,0.7272727272727273,0.7272727272727273,5_28_S,"(28881, 'A')",0.2727272727272727
hCoV-19_Wuhan_WIV04_2019_EPI_ISL_402124_2019-12-30,28882,G,0,9,0,24,G,C,2,False,33,0.2727272727272727,0.7272727272727273,0.7272727272727273,5_28_S,"(28882, 'C')",0.2727272727272727
hCoV-19_Wuhan_WIV04_2019_EPI_ISL_402124_2019-12-30,28925,C,0,34,2,0,C,T,2,True,36,0.05555555555555555,0.9444444444444444,0.9444444444444444,5_28_S,"(28925, 'T')",0.05555555555555555
hCoV-19_Wuhan_WIV04_2019_EPI_ISL_402124_2019-12-30,29094,C,0,33,4,0,C,T,2,False,37,0.10810810810810813,0.8918918918918919,0.8918918918918919,5_28_S,"(29094, 'T')",0.10810810810810811
hCoV-19_Wuhan_WIV04_2019_EPI_ISL_402124_2019-12-30,29539,G,2,0,1,20,G,A,2,False,23,0.08695652173913042,0.8695652173913043,0.8695652173913043,5_28_S,"(29539, 'A')",0.08695652173913043
hCoV-19_Wuhan_WIV04_2019_EPI_ISL_402124_2019-12-30,29540,C,0,21,0,2,C,G,2,False,23,0.08695652173913042,0.9130434782608696,0.9130434782608696,5_28_S,"(29540, 'G')",0.08695652173913043
hCoV-19_Wuhan_WIV04_2019_EPI_ISL_402124_2019-12-30,29732,C,0,16,2,0,C,T,2,False,18,0.1111111111111111,0.8888888888888888,0.8888888888888888,5_28_S,"(29732, 'T')",0.1111111111111111
hCoV-19_Wuhan_WIV04_2019_EPI_ISL_402124_2019-12-30,27,C,0,5,2,0,C,T,2,False,7,0.2857142857142857,0.7142857142857143,0.7142857142857143,6_30_S_COL,"(27, 'T')",0.2857142857142857
hCoV-19_Wuhan_WIV04_2019_EPI_ISL_402124_2019-12-30,240,C,0,0,21,0,T,A,1,False,21,0.0,1.0,0.0,6_30_S_COL,"(240, 'T')",1.0
hCoV-19_Wuhan_WIV04_2019_EPI_ISL_402124_2019-12-30,263,A,19,0,0,2,A,G,2,False,21,0.09523809523809523,0.9047619047619048,0.9047619047619048,6_30_S_COL,"(263, 'G')",0.09523809523809523
hCoV-19_Wuhan_WIV04_2019_EPI_ISL_402124_2019-12-30,265,A,21,0,2,0,A,T,2,False,23,0.08695652173913042,0.9130434782608696,0.9130434782608696,6_30_S_COL,"(265, 'T')",0.08695652173913043
hCoV-19_Wuhan_WIV04_2019_EPI_ISL_402124_2019-12-30,1058,C,0,0,28,0,T,A,1,False,28,0.0,1.0,0.0,6_30_S_COL,"(1058, 'T')",1.0
hCoV-19_Wuhan_WIV04_2019_EPI_ISL_402124_2019-12-30,1384,C,0,0,22,0,T,A,1,False,22,0.0,1.0,0.0,6_30_S_COL,"(1384, 'T')",1.0
hCoV-19_Wuhan_WIV04_2019_EPI_ISL_402124_2019-12-30,1737,G,0,0,35,3,T,G,2,True,38,0.07894736842105263,0.9210526315789472,0.07894736842105263,6_30_S_COL,"(1737, 'T')",0.9210526315789473
hCoV-19_Wuhan_WIV04_2019_EPI_ISL_402124_2019-12-30,3036,C,0,0,34,0,T,A,1,False,34,0.0,1.0,0.0,6_30_S_COL,"(3036, 'T')",1.0
hCoV-19_Wuhan_WIV04_2019_EPI_ISL_402124_2019-12-30,3241,G,26,0,0,2,A,G,2,True,28,0.07142857142857142,0.9285714285714286,0.07142857142857142,6_30_S_COL,"(3241, 'A')",0.9285714285714286
hCoV-19_Wuhan_WIV04_2019_EPI_ISL_402124_2019-12-30,4307,A,24,0,0,2,A,G,2,False,26,0.07692307692307693,0.9230769230769232,0.9230769230769232,6_30_S_COL,"(4307, 'G')",0.07692307692307693
hCoV-19_Wuhan_WIV04_2019_EPI_ISL_402124_2019-12-30,4563,A,36,4,0,0,A,C,2,False,40,0.1,0.9,0.9,6_30_S_COL,"(4563, 'C')",0.1
hCoV-19_Wuhan_WIV04_2019_EPI_ISL_402124_2019-12-30,4564,C,4,37,0,0,C,A,2,False,41,0.0975609756097561,0.902439024390244,0.902439024390244,6_30_S_COL,"(4564, 'A')",0.0975609756097561
hCoV-19_Wuhan_WIV04_2019_EPI_ISL_402124_2019-12-30,4566,T,5,0,38,0,T,A,2,False,43,0.11627906976744184,0.8837209302325582,0.8837209302325582,6_30_S_COL,"(4566, 'A')",0.11627906976744186
hCoV-19_Wuhan_WIV04_2019_EPI_ISL_402124_2019-12-30,7232,T,2,0,31,0,T,A,2,True,33,0.060606060606060615,0.9393939393939394,0.9393939393939394,6_30_S_COL,"(7232, 'A')",0.06060606060606061
hCoV-19_Wuhan_WIV04_2019_EPI_ISL_402124_2019-12-30,7238,C,0,27,2,0,C,T,2,True,29,0.06896551724137931,0.9310344827586208,0.9310344827586208,6_30_S_COL,"(7238, 'T')",0.06896551724137931
hCoV-19_Wuhan_WIV04_2019_EPI_ISL_402124_2019-12-30,8074,G,0,0,2,26,G,T,2,False,28,0.07142857142857142,0.9285714285714286,0.9285714285714286,6_30_S_COL,"(8074, 'T')",0.07142857142857142
hCoV-19_Wuhan_WIV04_2019_EPI_ISL_402124_2019-12-30,8852,G,0,0,2,31,G,T,2,True,33,0.060606060606060615,0.9393939393939394,0.9393939393939394,6_30_S_COL,"(8852, 'T')",0.06060606060606061
hCoV-19_Wuhan_WIV04_2019_EPI_ISL_402124_2019-12-30,8882,T,0,3,42,0,T,C,2,False,45,0.06666666666666668,0.9333333333333332,0.9333333333333332,6_30_S_COL,"(8882, 'C')",0.06666666666666667
hCoV-19_Wuhan_WIV04_2019_EPI_ISL_402124_2019-12-30,9383,C,0,31,0,2,C,G,2,False,33,0.060606060606060615,0.9393939393939394,0.9393939393939394,6_30_S_COL,"(9383, 'G')",0.06060606060606061
hCoV-19_Wuhan_WIV04_2019_EPI_ISL_402124_2019-12-30,9387,G,3,0,0,28,G,A,2,False,31,0.0967741935483871,0.9032258064516128,0.9032258064516128,6_30_S_COL,"(9387, 'A')",0.0967741935483871
hCoV-19_Wuhan_WIV04_2019_EPI_ISL_402124_2019-12-30,9501,C,0,37,3,0,C,T,2,False,40,0.075,0.925,0.925,6_30_S_COL,"(9501, 'T')",0.075
hCoV-19_Wuhan_WIV04_2019_EPI_ISL_402124_2019-12-30,10543,C,2,34,0,0,C,A,2,False,36,0.05555555555555555,0.9444444444444444,0.9444444444444444,6_30_S_COL,"(10543, 'A')",0.05555555555555555
hCoV-19_Wuhan_WIV04_2019_EPI_ISL_402124_2019-12-30,11915,C,0,2,20,0,T,C,2,False,22,0.09090909090909093,0.9090909090909092,0.09090909090909093,6_30_S_COL,"(11915, 'T')",0.9090909090909091
hCoV-19_Wuhan_WIV04_2019_EPI_ISL_402124_2019-12-30,14221,T,0,0,23,2,T,G,2,False,25,0.08,0.92,0.92,6_30_S_COL,"(14221, 'G')",0.08
hCoV-19_Wuhan_WIV04_2019_EPI_ISL_402124_2019-12-30,14407,C,0,0,27,0,T,A,1,False,27,0.0,1.0,0.0,6_30_S_COL,"(14407, 'T')",1.0
hCoV-19_Wuhan_WIV04_2019_EPI_ISL_402124_2019-12-30,15070,T,2,0,31,0,T,A,2,False,33,0.060606060606060615,0.9393939393939394,0.9393939393939394,6_30_S_COL,"(15070, 'A')",0.06060606060606061
hCoV-19_Wuhan_WIV04_2019_EPI_ISL_402124_2019-12-30,17219,T,2,0,31,0,T,A,2,False,33,0.060606060606060615,0.9393939393939394,0.9393939393939394,6_30_S_COL,"(17219, 'A')",0.06060606060606061
hCoV-19_Wuhan_WIV04_2019_EPI_ISL_402124_2019-12-30,18834,A,38,0,0,3,A,G,2,False,41,0.07317073170731707,0.9268292682926828,0.9268292682926828,6_30_S_COL,"(18834, 'G')",0.07317073170731707
hCoV-19_Wuhan_WIV04_2019_EPI_ISL_402124_2019-12-30,18840,C,0,37,3,0,C,T,2,False,40,0.075,0.925,0.925,6_30_S_COL,"(18840, 'T')",0.075
hCoV-19_Wuhan_WIV04_2019_EPI_ISL_402124_2019-12-30,18841,A,36,0,3,0,A,T,2,False,39,0.07692307692307693,0.9230769230769232,0.9230769230769232,6_30_S_COL,"(18841, 'T')",0.07692307692307693
hCoV-19_Wuhan_WIV04_2019_EPI_ISL_402124_2019-12-30,22719,A,21,0,0,9,A,G,2,False,30,0.3,0.7,0.7,6_30_S_COL,"(22719, 'G')",0.3
hCoV-19_Wuhan_WIV04_2019_EPI_ISL_402124_2019-12-30,23075,A,26,0,0,2,A,G,2,False,28,0.07142857142857142,0.9285714285714286,0.9285714285714286,6_30_S_COL,"(23075, 'G')",0.07142857142857142
hCoV-19_Wuhan_WIV04_2019_EPI_ISL_402124_2019-12-30,23076,C,0,27,0,2,C,G,2,False,29,0.06896551724137931,0.9310344827586208,0.9310344827586208,6_30_S_COL,"(23076, 'G')",0.06896551724137931
hCoV-19_Wuhan_WIV04_2019_EPI_ISL_402124_2019-12-30,23402,A,0,0,0,28,G,A,1,False,28,0.0,1.0,0.0,6_30_S_COL,"(23402, 'G')",1.0
hCoV-19_Wuhan_WIV04_2019_EPI_ISL_402124_2019-12-30,23553,A,38,0,0,2,A,G,2,False,40,0.05,0.95,0.95,6_30_S_COL,"(23553, 'G')",0.05
hCoV-19_Wuhan_WIV04_2019_EPI_ISL_402124_2019-12-30,24744,C,0,19,14,0,C,T,2,False,33,0.42424242424242425,0.5757575757575758,0.5757575757575758,6_30_S_COL,"(24744, 'T')",0.42424242424242425
hCoV-19_Wuhan_WIV04_2019_EPI_ISL_402124_2019-12-30,25562,G,0,0,58,0,T,A,1,False,58,0.0,1.0,0.0,6_30_S_COL,"(25562, 'T')",1.0
hCoV-19_Wuhan_WIV04_2019_EPI_ISL_402124_2019-12-30,27119,A,36,0,2,0,A,T,2,False,38,0.05263157894736842,0.9473684210526316,0.9473684210526316,6_30_S_COL,"(27119, 'T')",0.05263157894736842
hCoV-19_Wuhan_WIV04_2019_EPI_ISL_402124_2019-12-30,27123,T,2,0,31,0,T,A,2,False,33,0.060606060606060615,0.9393939393939394,0.9393939393939394,6_30_S_COL,"(27123, 'A')",0.06060606060606061
hCoV-19_Wuhan_WIV04_2019_EPI_ISL_402124_2019-12-30,28086,C,0,1,12,0,T,C,1,False,13,0.07692307692307693,0.9230769230769232,0.07692307692307693,6_30_S_COL,"(28086, 'T')",0.9230769230769231
hCoV-19_Wuhan_WIV04_2019_EPI_ISL_402124_2019-12-30,28377,G,15,0,0,16,G,A,2,False,31,0.4838709677419355,0.5161290322580645,0.5161290322580645,6_30_S_COL,"(28377, 'A')",0.4838709677419355
hCoV-19_Wuhan_WIV04_2019_EPI_ISL_402124_2019-12-30,29196,C,0,34,0,2,C,G,2,False,36,0.05555555555555555,0.9444444444444444,0.9444444444444444,6_30_S_COL,"(29196, 'G')",0.05555555555555555
hCoV-19_Wuhan_WIV04_2019_EPI_ISL_402124_2019-12-30,240,C,0,0,51,0,T,A,1,False,51,0.0,1.0,0.0,5_19_S,"(240, 'T')",1.0
hCoV-19_Wuhan_WIV04_2019_EPI_ISL_402124_2019-12-30,262,A,62,0,5,0,A,T,2,False,67,0.07462686567164177,0.9253731343283582,0.9253731343283582,5_19_S,"(262, 'T')",0.07462686567164178
hCoV-19_Wuhan_WIV04_2019_EPI_ISL_402124_2019-12-30,263,A,59,0,0,5,A,G,2,False,64,0.078125,0.921875,0.921875,5_19_S,"(263, 'G')",0.078125
hCoV-19_Wuhan_WIV04_2019_EPI_ISL_402124_2019-12-30,265,A,65,0,5,0,A,T,2,False,70,0.07142857142857142,0.9285714285714286,0.9285714285714286,5_19_S,"(265, 'T')",0.07142857142857142
hCoV-19_Wuhan_WIV04_2019_EPI_ISL_402124_2019-12-30,1058,C,0,3,88,0,T,C,1,False,91,0.03296703296703297,0.967032967032967,0.03296703296703297,5_19_S,"(1058, 'T')",0.967032967032967
hCoV-19_Wuhan_WIV04_2019_EPI_ISL_402124_2019-12-30,2039,C,0,116,11,0,C,T,2,False,127,0.08661417322834647,0.9133858267716536,0.9133858267716536,5_19_S,"(2039, 'T')",0.08661417322834646
hCoV-19_Wuhan_WIV04_2019_EPI_ISL_402124_2019-12-30,3036,C,0,0,134,0,T,A,1,False,134,0.0,1.0,0.0,5_19_S,"(3036, 'T')",1.0
hCoV-19_Wuhan_WIV04_2019_EPI_ISL_402124_2019-12-30,14407,C,0,0,84,0,T,A,1,False,84,0.0,1.0,0.0,5_19_S,"(14407, 'T')",1.0
hCoV-19_Wuhan_WIV04_2019_EPI_ISL_402124_2019-12-30,17824,C,0,107,8,0,C,T,2,False,115,0.06956521739130435,0.9304347826086956,0.9304347826086956,5_19_S,"(17824, 'T')",0.06956521739130435
hCoV-19_Wuhan_WIV04_2019_EPI_ISL_402124_2019-12-30,18486,A,97,0,0,8,A,G,2,False,105,0.0761904761904762,0.9238095238095241,0.9238095238095241,5_19_S,"(18486, 'G')",0.0761904761904762
hCoV-19_Wuhan_WIV04_2019_EPI_ISL_402124_2019-12-30,20843,C,0,50,52,0,T,C,2,False,102,0.4901960784313725,0.5098039215686274,0.4901960784313725,5_19_S,"(20843, 'T')",0.5098039215686274
hCoV-19_Wuhan_WIV04_2019_EPI_ISL_402124_2019-12-30,22328,C,0,95,7,0,C,T,2,False,102,0.06862745098039216,0.9313725490196079,0.9313725490196079,5_19_S,"(22328, 'T')",0.06862745098039216
hCoV-19_Wuhan_WIV04_2019_EPI_ISL_402124_2019-12-30,23402,A,0,0,0,102,G,A,1,False,102,0.0,1.0,0.0,5_19_S,"(23402, 'G')",1.0
hCoV-19_Wuhan_WIV04_2019_EPI_ISL_402124_2019-12-30,23553,A,121,0,0,8,A,G,2,False,129,0.06201550387596898,0.9379844961240308,0.9379844961240308,5_19_S,"(23553, 'G')",0.06201550387596899
hCoV-19_Wuhan_WIV04_2019_EPI_ISL_402124_2019-12-30,25562,G,0,1,103,1,T,C,1,False,105,0.009523809523809523,0.9809523809523808,0.009523809523809523,5_19_S,"(25562, 'T')",0.9809523809523809
hCoV-19_Wuhan_WIV04_2019_EPI_ISL_402124_2019-12-30,27963,C,0,14,103,0,T,C,2,False,117,0.11965811965811965,0.8803418803418803,0.11965811965811965,5_19_S,"(27963, 'T')",0.8803418803418803
hCoV-19_Wuhan_WIV04_2019_EPI_ISL_402124_2019-12-30,240,C,0,0,9,0,T,A,1,False,9,0.0,1.0,0.0,SQ_7_1_MOS,"(240, 'T')",1.0
hCoV-19_Wuhan_WIV04_2019_EPI_ISL_402124_2019-12-30,1058,C,0,1,4,0,T,C,1,False,5,0.2,0.8,0.2,SQ_7_1_MOS,"(1058, 'T')",0.8
hCoV-19_Wuhan_WIV04_2019_EPI_ISL_402124_2019-12-30,1737,G,0,0,2,5,G,T,2,False,7,0.2857142857142857,0.7142857142857143,0.7142857142857143,SQ_7_1_MOS,"(1737, 'T')",0.2857142857142857
hCoV-19_Wuhan_WIV04_2019_EPI_ISL_402124_2019-12-30,2034,G,0,0,2,5,G,T,2,False,7,0.2857142857142857,0.7142857142857143,0.7142857142857143,SQ_7_1_MOS,"(2034, 'T')",0.2857142857142857
hCoV-19_Wuhan_WIV04_2019_EPI_ISL_402124_2019-12-30,3036,C,0,0,8,0,T,A,1,False,8,0.0,1.0,0.0,SQ_7_1_MOS,"(3036, 'T')",1.0
hCoV-19_Wuhan_WIV04_2019_EPI_ISL_402124_2019-12-30,3241,G,5,0,0,15,G,A,2,False,20,0.25,0.75,0.75,SQ_7_1_MOS,"(3241, 'A')",0.25
hCoV-19_Wuhan_WIV04_2019_EPI_ISL_402124_2019-12-30,4328,T,0,3,7,0,T,C,2,False,10,0.3,0.7,0.7,SQ_7_1_MOS,"(4328, 'C')",0.3
hCoV-19_Wuhan_WIV04_2019_EPI_ISL_402124_2019-12-30,6093,G,0,0,2,9,G,T,2,False,11,0.18181818181818185,0.8181818181818182,0.8181818181818182,SQ_7_1_MOS,"(6093, 'T')",0.18181818181818182
hCoV-19_Wuhan_WIV04_2019_EPI_ISL_402124_2019-12-30,6253,G,0,0,2,10,G,T,2,False,12,0.16666666666666666,0.8333333333333334,0.8333333333333334,SQ_7_1_MOS,"(6253, 'T')",0.16666666666666666
hCoV-19_Wuhan_WIV04_2019_EPI_ISL_402124_2019-12-30,6254,C,0,9,2,0,C,T,2,False,11,0.18181818181818185,0.8181818181818182,0.8181818181818182,SQ_7_1_MOS,"(6254, 'T')",0.18181818181818182
hCoV-19_Wuhan_WIV04_2019_EPI_ISL_402124_2019-12-30,6256,A,9,0,0,2,A,G,2,False,11,0.18181818181818185,0.8181818181818182,0.8181818181818182,SQ_7_1_MOS,"(6256, 'G')",0.18181818181818182
hCoV-19_Wuhan_WIV04_2019_EPI_ISL_402124_2019-12-30,9055,C,0,9,0,2,C,G,2,False,11,0.18181818181818185,0.8181818181818182,0.8181818181818182,SQ_7_1_MOS,"(9055, 'G')",0.18181818181818182
hCoV-19_Wuhan_WIV04_2019_EPI_ISL_402124_2019-12-30,9059,A,7,2,0,0,A,C,2,False,9,0.2222222222222222,0.7777777777777778,0.7777777777777778,SQ_7_1_MOS,"(9059, 'C')",0.2222222222222222
hCoV-19_Wuhan_WIV04_2019_EPI_ISL_402124_2019-12-30,9713,C,0,13,0,2,C,G,2,False,15,0.13333333333333333,0.8666666666666667,0.8666666666666667,SQ_7_1_MOS,"(9713, 'G')",0.13333333333333333
hCoV-19_Wuhan_WIV04_2019_EPI_ISL_402124_2019-12-30,10029,C,0,13,6,0,C,T,2,False,19,0.3157894736842105,0.6842105263157895,0.6842105263157895,SQ_7_1_MOS,"(10029, 'T')",0.3157894736842105
hCoV-19_Wuhan_WIV04_2019_EPI_ISL_402124_2019-12-30,10264,G,4,0,0,3,A,G,2,False,7,0.42857142857142855,0.5714285714285714,0.42857142857142855,SQ_7_1_MOS,"(10264, 'A')",0.5714285714285714
hCoV-19_Wuhan_WIV04_2019_EPI_ISL_402124_2019-12-30,10371,T,0,0,6,2,T,G,2,False,8,0.25,0.75,0.75,SQ_7_1_MOS,"(10371, 'G')",0.25
hCoV-19_Wuhan_WIV04_2019_EPI_ISL_402124_2019-12-30,10376,C,0,8,2,0,C,T,2,False,10,0.2,0.8,0.8,SQ_7_1_MOS,"(10376, 'T')",0.2
hCoV-19_Wuhan_WIV04_2019_EPI_ISL_402124_2019-12-30,10378,G,0,0,2,7,G,T,2,False,9,0.2222222222222222,0.7777777777777778,0.7777777777777778,SQ_7_1_MOS,"(10378, 'T')",0.2222222222222222
hCoV-19_Wuhan_WIV04_2019_EPI_ISL_402124_2019-12-30,10388,T,0,2,8,0,T,C,2,False,10,0.2,0.8,0.8,SQ_7_1_MOS,"(10388, 'C')",0.2
hCoV-19_Wuhan_WIV04_2019_EPI_ISL_402124_2019-12-30,10543,C,2,8,0,0,C,A,2,False,10,0.2,0.8,0.8,SQ_7_1_MOS,"(10543, 'A')",0.2
hCoV-19_Wuhan_WIV04_2019_EPI_ISL_402124_2019-12-30,10544,A,7,0,2,0,A,T,2,False,9,0.2222222222222222,0.7777777777777778,0.7777777777777778,SQ_7_1_MOS,"(10544, 'T')",0.2222222222222222
hCoV-19_Wuhan_WIV04_2019_EPI_ISL_402124_2019-12-30,10547,T,2,0,6,0,T,A,2,False,8,0.25,0.75,0.75,SQ_7_1_MOS,"(10547, 'A')",0.25
hCoV-19_Wuhan_WIV04_2019_EPI_ISL_402124_2019-12-30,12014,T,2,0,5,0,T,A,2,False,7,0.2857142857142857,0.7142857142857143,0.7142857142857143,SQ_7_1_MOS,"(12014, 'A')",0.2857142857142857
hCoV-19_Wuhan_WIV04_2019_EPI_ISL_402124_2019-12-30,12016,T,0,0,5,2,T,G,2,False,7,0.2857142857142857,0.7142857142857143,0.7142857142857143,SQ_7_1_MOS,"(12016, 'G')",0.2857142857142857
hCoV-19_Wuhan_WIV04_2019_EPI_ISL_402124_2019-12-30,12023,C,2,7,0,0,C,A,2,False,9,0.2222222222222222,0.7777777777777778,0.7777777777777778,SQ_7_1_MOS,"(12023, 'A')",0.2222222222222222
hCoV-19_Wuhan_WIV04_2019_EPI_ISL_402124_2019-12-30,12577,G,0,0,2,13,G,T,2,False,15,0.13333333333333333,0.8666666666666667,0.8666666666666667,SQ_7_1_MOS,"(12577, 'T')",0.13333333333333333
hCoV-19_Wuhan_WIV04_2019_EPI_ISL_402124_2019-12-30,12797,G,0,0,4,4,T,G,2,False,8,0.5,0.5,0.5,SQ_7_1_MOS,"(12797, 'T')",0.5
hCoV-19_Wuhan_WIV04_2019_EPI_ISL_402124_2019-12-30,13008,C,0,10,0,2,C,G,2,False,12,0.16666666666666666,0.8333333333333334,0.8333333333333334,SQ_7_1_MOS,"(13008, 'G')",0.16666666666666666
hCoV-19_Wuhan_WIV04_2019_EPI_ISL_402124_2019-12-30,13009,A,9,0,2,0,A,T,2,False,11,0.18181818181818185,0.8181818181818182,0.8181818181818182,SQ_7_1_MOS,"(13009, 'T')",0.18181818181818182
hCoV-19_Wuhan_WIV04_2019_EPI_ISL_402124_2019-12-30,13011,A,8,0,2,0,A,T,2,False,10,0.2,0.8,0.8,SQ_7_1_MOS,"(13011, 'T')",0.2
hCoV-19_Wuhan_WIV04_2019_EPI_ISL_402124_2019-12-30,13685,T,2,0,7,0,T,A,2,False,9,0.2222222222222222,0.7777777777777778,0.7777777777777778,SQ_7_1_MOS,"(13685, 'A')",0.2222222222222222
hCoV-19_Wuhan_WIV04_2019_EPI_ISL_402124_2019-12-30,13686,G,0,0,2,7,G,T,2,False,9,0.2222222222222222,0.7777777777777778,0.7777777777777778,SQ_7_1_MOS,"(13686, 'T')",0.2222222222222222
hCoV-19_Wuhan_WIV04_2019_EPI_ISL_402124_2019-12-30,13692,A,7,0,2,0,A,T,2,False,9,0.2222222222222222,0.7777777777777778,0.7777777777777778,SQ_7_1_MOS,"(13692, 'T')",0.2222222222222222
hCoV-19_Wuhan_WIV04_2019_EPI_ISL_402124_2019-12-30,14407,C,0,0,8,0,T,A,1,False,8,0.0,1.0,0.0,SQ_7_1_MOS,"(14407, 'T')",1.0
hCoV-19_Wuhan_WIV04_2019_EPI_ISL_402124_2019-12-30,14429,G,0,0,3,6,G,T,2,False,9,0.3333333333333333,0.6666666666666666,0.6666666666666666,SQ_7_1_MOS,"(14429, 'T')",0.3333333333333333
hCoV-19_Wuhan_WIV04_2019_EPI_ISL_402124_2019-12-30,15070,T,2,0,7,0,T,A,2,False,9,0.2222222222222222,0.7777777777777778,0.7777777777777778,SQ_7_1_MOS,"(15070, 'A')",0.2222222222222222
hCoV-19_Wuhan_WIV04_2019_EPI_ISL_402124_2019-12-30,15991,A,12,2,0,0,A,C,2,False,14,0.14285714285714285,0.8571428571428571,0.8571428571428571,SQ_7_1_MOS,"(15991, 'C')",0.14285714285714285
hCoV-19_Wuhan_WIV04_2019_EPI_ISL_402124_2019-12-30,16259,C,0,14,4,0,C,T,2,False,18,0.2222222222222222,0.7777777777777778,0.7777777777777778,SQ_7_1_MOS,"(16259, 'T')",0.2222222222222222
hCoV-19_Wuhan_WIV04_2019_EPI_ISL_402124_2019-12-30,16376,G,3,0,0,22,G,A,2,False,25,0.12,0.88,0.88,SQ_7_1_MOS,"(16376, 'A')",0.12
hCoV-19_Wuhan_WIV04_2019_EPI_ISL_402124_2019-12-30,16423,T,2,0,17,0,T,A,2,False,19,0.10526315789473684,0.8947368421052632,0.8947368421052632,SQ_7_1_MOS,"(16423, 'A')",0.10526315789473684
hCoV-19_Wuhan_WIV04_2019_EPI_ISL_402124_2019-12-30,16610,C,2,10,0,0,C,A,2,False,12,0.16666666666666666,0.8333333333333334,0.8333333333333334,SQ_7_1_MOS,"(16610, 'A')",0.16666666666666666
hCoV-19_Wuhan_WIV04_2019_EPI_ISL_402124_2019-12-30,17458,C,0,13,2,0,C,T,2,False,15,0.13333333333333333,0.8666666666666667,0.8666666666666667,SQ_7_1_MOS,"(17458, 'T')",0.13333333333333333
hCoV-19_Wuhan_WIV04_2019_EPI_ISL_402124_2019-12-30,17513,T,0,2,16,0,T,C,2,False,18,0.1111111111111111,0.8888888888888888,0.8888888888888888,SQ_7_1_MOS,"(17513, 'C')",0.1111111111111111
hCoV-19_Wuhan_WIV04_2019_EPI_ISL_402124_2019-12-30,18314,G,0,2,0,9,G,C,2,False,11,0.18181818181818185,0.8181818181818182,0.8181818181818182,SQ_7_1_MOS,"(18314, 'C')",0.18181818181818182
hCoV-19_Wuhan_WIV04_2019_EPI_ISL_402124_2019-12-30,21080,A,19,2,0,0,A,C,2,False,21,0.09523809523809523,0.9047619047619048,0.9047619047619048,SQ_7_1_MOS,"(21080, 'C')",0.09523809523809523
hCoV-19_Wuhan_WIV04_2019_EPI_ISL_402124_2019-12-30,21107,C,0,17,2,0,C,T,2,False,19,0.10526315789473684,0.8947368421052632,0.8947368421052632,SQ_7_1_MOS,"(21107, 'T')",0.10526315789473684
hCoV-19_Wuhan_WIV04_2019_EPI_ISL_402124_2019-12-30,21204,C,0,15,0,2,C,G,2,False,17,0.1176470588235294,0.8823529411764706,0.8823529411764706,SQ_7_1_MOS,"(21204, 'G')",0.11764705882352941
hCoV-19_Wuhan_WIV04_2019_EPI_ISL_402124_2019-12-30,21205,T,0,2,15,0,T,C,2,False,17,0.1176470588235294,0.8823529411764706,0.8823529411764706,SQ_7_1_MOS,"(21205, 'C')",0.11764705882352941
hCoV-19_Wuhan_WIV04_2019_EPI_ISL_402124_2019-12-30,21208,T,0,2,12,0,T,C,2,False,14,0.14285714285714285,0.8571428571428571,0.8571428571428571,SQ_7_1_MOS,"(21208, 'C')",0.14285714285714285
hCoV-19_Wuhan_WIV04_2019_EPI_ISL_402124_2019-12-30,21211,G,2,0,0,13,G,A,2,False,15,0.13333333333333333,0.8666666666666667,0.8666666666666667,SQ_7_1_MOS,"(21211, 'A')",0.13333333333333333
hCoV-19_Wuhan_WIV04_2019_EPI_ISL_402124_2019-12-30,21481,T,0,2,27,0,T,C,2,True,29,0.06896551724137931,0.9310344827586208,0.9310344827586208,SQ_7_1_MOS,"(21481, 'C')",0.06896551724137931
hCoV-19_Wuhan_WIV04_2019_EPI_ISL_402124_2019-12-30,23012,A,6,0,0,2,A,G,2,False,8,0.25,0.75,0.75,SQ_7_1_MOS,"(23012, 'G')",0.25
hCoV-19_Wuhan_WIV04_2019_EPI_ISL_402124_2019-12-30,23247,C,0,10,2,0,C,T,2,False,12,0.16666666666666666,0.8333333333333334,0.8333333333333334,SQ_7_1_MOS,"(23247, 'T')",0.16666666666666666
hCoV-19_Wuhan_WIV04_2019_EPI_ISL_402124_2019-12-30,23402,A,0,0,0,12,G,A,1,False,12,0.0,1.0,0.0,SQ_7_1_MOS,"(23402, 'G')",1.0
hCoV-19_Wuhan_WIV04_2019_EPI_ISL_402124_2019-12-30,23553,A,14,0,0,2,A,G,2,False,16,0.125,0.875,0.875,SQ_7_1_MOS,"(23553, 'G')",0.125
hCoV-19_Wuhan_WIV04_2019_EPI_ISL_402124_2019-12-30,24965,A,6,0,2,0,A,T,2,False,8,0.25,0.75,0.75,SQ_7_1_MOS,"(24965, 'T')",0.25
hCoV-19_Wuhan_WIV04_2019_EPI_ISL_402124_2019-12-30,25394,G,0,0,3,16,G,T,2,False,19,0.15789473684210525,0.8421052631578947,0.8421052631578947,SQ_7_1_MOS,"(25394, 'T')",0.15789473684210525
hCoV-19_Wuhan_WIV04_2019_EPI_ISL_402124_2019-12-30,25562,G,0,0,4,5,G,T,2,False,9,0.4444444444444444,0.5555555555555556,0.5555555555555556,SQ_7_1_MOS,"(25562, 'T')",0.4444444444444444
hCoV-19_Wuhan_WIV04_2019_EPI_ISL_402124_2019-12-30,25707,C,0,10,6,0,C,T,2,False,16,0.375,0.625,0.625,SQ_7_1_MOS,"(25707, 'T')",0.375
hCoV-19_Wuhan_WIV04_2019_EPI_ISL_402124_2019-12-30,26112,G,0,8,0,5,C,G,2,False,13,0.38461538461538464,0.6153846153846154,0.38461538461538464,SQ_7_1_MOS,"(26112, 'C')",0.6153846153846154
hCoV-19_Wuhan_WIV04_2019_EPI_ISL_402124_2019-12-30,28086,C,0,19,2,0,C,T,2,False,21,0.09523809523809523,0.9047619047619048,0.9047619047619048,SQ_7_1_MOS,"(28086, 'T')",0.09523809523809523
hCoV-19_Wuhan_WIV04_2019_EPI_ISL_402124_2019-12-30,28133,G,3,0,0,25,G,A,2,False,28,0.10714285714285714,0.8928571428571429,0.8928571428571429,SQ_7_1_MOS,"(28133, 'A')",0.10714285714285714
hCoV-19_Wuhan_WIV04_2019_EPI_ISL_402124_2019-12-30,28241,G,0,2,0,27,G,C,2,False,29,0.06896551724137931,0.9310344827586208,0.9310344827586208,SQ_7_1_MOS,"(28241, 'C')",0.06896551724137931
hCoV-19_Wuhan_WIV04_2019_EPI_ISL_402124_2019-12-30,28880,G,41,0,0,12,A,G,2,False,53,0.22641509433962265,0.7735849056603774,0.22641509433962265,SQ_7_1_MOS,"(28880, 'A')",0.7735849056603774
hCoV-19_Wuhan_WIV04_2019_EPI_ISL_402124_2019-12-30,28881,G,41,0,0,13,A,G,2,False,54,0.2407407407407408,0.7592592592592593,0.2407407407407408,SQ_7_1_MOS,"(28881, 'A')",0.7592592592592593
hCoV-19_Wuhan_WIV04_2019_EPI_ISL_402124_2019-12-30,28882,G,0,41,0,12,C,G,2,False,53,0.22641509433962265,0.7735849056603774,0.22641509433962265,SQ_7_1_MOS,"(28882, 'C')",0.7735849056603774
hCoV-19_Wuhan_WIV04_2019_EPI_ISL_402124_2019-12-30,28931,C,0,36,2,0,C,T,2,True,38,0.05263157894736842,0.9473684210526316,0.9473684210526316,SQ_7_1_MOS,"(28931, 'T')",0.05263157894736842
hCoV-19_Wuhan_WIV04_2019_EPI_ISL_402124_2019-12-30,29186,C,0,35,2,0,C,T,2,False,37,0.054054054054054064,0.9459459459459459,0.9459459459459459,SQ_7_1_MOS,"(29186, 'T')",0.05405405405405406
hCoV-19_Wuhan_WIV04_2019_EPI_ISL_402124_2019-12-30,29187,A,35,0,0,2,A,G,2,False,37,0.054054054054054064,0.9459459459459459,0.9459459459459459,SQ_7_1_MOS,"(29187, 'G')",0.05405405405405406
hCoV-19_Wuhan_WIV04_2019_EPI_ISL_402124_2019-12-30,29837,C,3,0,0,1,A,G,1,False,4,0.25,0.75,0.0,SQ_7_1_MOS,"(29837, 'A')",0.75
hCoV-19_Wuhan_WIV04_2019_EPI_ISL_402124_2019-12-30,29838,A,0,0,4,0,T,A,1,False,4,0.0,1.0,0.0,SQ_7_1_MOS,"(29838, 'T')",1.0
hCoV-19_Wuhan_WIV04_2019_EPI_ISL_402124_2019-12-30,29839,T,0,0,0,4,G,A,1,False,4,0.0,1.0,0.0,SQ_7_1_MOS,"(29839, 'G')",1.0
hCoV-19_Wuhan_WIV04_2019_EPI_ISL_402124_2019-12-30,240,C,0,1,14,0,T,C,1,False,15,0.06666666666666668,0.9333333333333332,0.06666666666666668,5_19_S_2,"(240, 'T')",0.9333333333333333
hCoV-19_Wuhan_WIV04_2019_EPI_ISL_402124_2019-12-30,1058,C,0,1,3,0,T,C,1,False,4,0.25,0.75,0.25,5_19_S_2,"(1058, 'T')",0.75
hCoV-19_Wuhan_WIV04_2019_EPI_ISL_402124_2019-12-30,3036,C,0,0,7,0,T,A,1,False,7,0.0,1.0,0.0,5_19_S_2,"(3036, 'T')",1.0
hCoV-19_Wuhan_WIV04_2019_EPI_ISL_402124_2019-12-30,5071,G,2,0,0,5,G,A,2,False,7,0.2857142857142857,0.7142857142857143,0.7142857142857143,5_19_S_2,"(5071, 'A')",0.2857142857142857
hCoV-19_Wuhan_WIV04_2019_EPI_ISL_402124_2019-12-30,10533,T,0,2,7,0,T,C,2,False,9,0.2222222222222222,0.7777777777777778,0.7777777777777778,5_19_S_2,"(10533, 'C')",0.2222222222222222
hCoV-19_Wuhan_WIV04_2019_EPI_ISL_402124_2019-12-30,10540,C,2,8,0,0,C,A,2,False,10,0.2,0.8,0.8,5_19_S_2,"(10540, 'A')",0.2
hCoV-19_Wuhan_WIV04_2019_EPI_ISL_402124_2019-12-30,10547,T,2,0,11,0,T,A,2,False,13,0.15384615384615385,0.8461538461538461,0.8461538461538461,5_19_S_2,"(10547, 'A')",0.15384615384615385
hCoV-19_Wuhan_WIV04_2019_EPI_ISL_402124_2019-12-30,11497,T,2,0,13,0,T,A,2,False,15,0.13333333333333333,0.8666666666666667,0.8666666666666667,5_19_S_2,"(11497, 'A')",0.13333333333333333
hCoV-19_Wuhan_WIV04_2019_EPI_ISL_402124_2019-12-30,11499,A,13,2,0,0,A,C,2,False,15,0.13333333333333333,0.8666666666666667,0.8666666666666667,5_19_S_2,"(11499, 'C')",0.13333333333333333
hCoV-19_Wuhan_WIV04_2019_EPI_ISL_402124_2019-12-30,11500,G,0,0,2,14,G,T,2,False,16,0.125,0.875,0.875,5_19_S_2,"(11500, 'T')",0.125
hCoV-19_Wuhan_WIV04_2019_EPI_ISL_402124_2019-12-30,11502,T,2,0,15,0,T,A,2,False,17,0.1176470588235294,0.8823529411764706,0.8823529411764706,5_19_S_2,"(11502, 'A')",0.11764705882352941
hCoV-19_Wuhan_WIV04_2019_EPI_ISL_402124_2019-12-30,13249,T,0,2,12,0,T,C,2,False,14,0.14285714285714285,0.8571428571428571,0.8571428571428571,5_19_S_2,"(13249, 'C')",0.14285714285714285
hCoV-19_Wuhan_WIV04_2019_EPI_ISL_402124_2019-12-30,14407,C,0,0,4,0,T,A,1,False,4,0.0,1.0,0.0,5_19_S_2,"(14407, 'T')",1.0
hCoV-19_Wuhan_WIV04_2019_EPI_ISL_402124_2019-12-30,16000,T,2,0,6,0,T,A,2,False,8,0.25,0.75,0.75,5_19_S_2,"(16000, 'A')",0.25
hCoV-19_Wuhan_WIV04_2019_EPI_ISL_402124_2019-12-30,18525,C,0,5,2,1,C,T,2,False,8,0.25,0.625,0.625,5_19_S_2,"(18525, 'T')",0.25
hCoV-19_Wuhan_WIV04_2019_EPI_ISL_402124_2019-12-30,18528,A,5,0,3,0,A,T,2,False,8,0.375,0.625,0.625,5_19_S_2,"(18528, 'T')",0.375
hCoV-19_Wuhan_WIV04_2019_EPI_ISL_402124_2019-12-30,23354,T,0,2,11,0,T,C,2,False,13,0.15384615384615385,0.8461538461538461,0.8461538461538461,5_19_S_2,"(23354, 'C')",0.15384615384615385
hCoV-19_Wuhan_WIV04_2019_EPI_ISL_402124_2019-12-30,23402,A,2,0,0,13,G,A,2,False,15,0.13333333333333333,0.8666666666666667,0.13333333333333333,5_19_S_2,"(23402, 'G')",0.8666666666666667
hCoV-19_Wuhan_WIV04_2019_EPI_ISL_402124_2019-12-30,23430,T,0,2,11,0,T,C,2,False,13,0.15384615384615385,0.8461538461538461,0.8461538461538461,5_19_S_2,"(23430, 'C')",0.15384615384615385
hCoV-19_Wuhan_WIV04_2019_EPI_ISL_402124_2019-12-30,24965,A,4,0,2,0,A,T,2,False,6,0.3333333333333333,0.6666666666666666,0.6666666666666666,5_19_S_2,"(24965, 'T')",0.3333333333333333
hCoV-19_Wuhan_WIV04_2019_EPI_ISL_402124_2019-12-30,25562,G,0,0,9,4,T,G,2,False,13,0.3076923076923077,0.6923076923076923,0.3076923076923077,5_19_S_2,"(25562, 'T')",0.6923076923076923
hCoV-19_Wuhan_WIV04_2019_EPI_ISL_402124_2019-12-30,25946,G,0,2,0,7,G,C,2,False,9,0.2222222222222222,0.7777777777777778,0.7777777777777778,5_19_S_2,"(25946, 'C')",0.2222222222222222
hCoV-19_Wuhan_WIV04_2019_EPI_ISL_402124_2019-12-30,27963,C,0,12,7,0,C,T,2,False,19,0.3684210526315789,0.631578947368421,0.631578947368421,5_19_S_2,"(27963, 'T')",0.3684210526315789
hCoV-19_Wuhan_WIV04_2019_EPI_ISL_402124_2019-12-30,28008,T,0,2,17,0,T,C,2,False,19,0.10526315789473684,0.8947368421052632,0.8947368421052632,5_19_S_2,"(28008, 'C')",0.10526315789473684
hCoV-19_Wuhan_WIV04_2019_EPI_ISL_402124_2019-12-30,28085,G,0,0,2,14,G,T,2,False,16,0.125,0.875,0.875,5_19_S_2,"(28085, 'T')",0.125
hCoV-19_Wuhan_WIV04_2019_EPI_ISL_402124_2019-12-30,28239,T,0,2,23,0,T,C,2,False,25,0.08,0.92,0.92,5_19_S_2,"(28239, 'C')",0.08
hCoV-19_Wuhan_WIV04_2019_EPI_ISL_402124_2019-12-30,28880,G,5,0,0,19,G,A,2,False,24,0.2083333333333333,0.7916666666666666,0.7916666666666666,5_19_S_2,"(28880, 'A')",0.20833333333333334
hCoV-19_Wuhan_WIV04_2019_EPI_ISL_402124_2019-12-30,28881,G,5,0,0,19,G,A,2,False,24,0.2083333333333333,0.7916666666666666,0.7916666666666666,5_19_S_2,"(28881, 'A')",0.20833333333333334
hCoV-19_Wuhan_WIV04_2019_EPI_ISL_402124_2019-12-30,28882,G,0,6,0,19,G,C,2,False,25,0.24,0.76,0.76,5_19_S_2,"(28882, 'C')",0.24
hCoV-19_Wuhan_WIV04_2019_EPI_ISL_402124_2019-12-30,28984,G,2,0,0,19,G,A,2,False,21,0.09523809523809523,0.9047619047619048,0.9047619047619048,5_19_S_2,"(28984, 'A')",0.09523809523809523
hCoV-19_Wuhan_WIV04_2019_EPI_ISL_402124_2019-12-30,29539,G,2,0,0,14,G,A,2,False,16,0.125,0.875,0.875,5_19_S_2,"(29539, 'A')",0.125
hCoV-19_Wuhan_WIV04_2019_EPI_ISL_402124_2019-12-30,240,C,0,0,7,0,T,A,1,False,7,0.0,1.0,0.0,6_09_S,"(240, 'T')",1.0
hCoV-19_Wuhan_WIV04_2019_EPI_ISL_402124_2019-12-30,822,C,0,13,2,0,C,T,2,False,15,0.13333333333333333,0.8666666666666667,0.8666666666666667,6_09_S,"(822, 'T')",0.13333333333333333
hCoV-19_Wuhan_WIV04_2019_EPI_ISL_402124_2019-12-30,1058,C,0,5,2,0,C,T,2,False,7,0.2857142857142857,0.7142857142857143,0.7142857142857143,6_09_S,"(1058, 'T')",0.2857142857142857
hCoV-19_Wuhan_WIV04_2019_EPI_ISL_402124_2019-12-30,1666,A,9,2,0,0,A,C,2,False,11,0.18181818181818185,0.8181818181818182,0.8181818181818182,6_09_S,"(1666, 'C')",0.18181818181818182
hCoV-19_Wuhan_WIV04_2019_EPI_ISL_402124_2019-12-30,3691,G,0,0,2,3,G,T,2,False,5,0.4,0.6,0.6,6_09_S,"(3691, 'T')",0.4
hCoV-19_Wuhan_WIV04_2019_EPI_ISL_402124_2019-12-30,5764,G,2,0,0,8,G,A,2,False,10,0.2,0.8,0.8,6_09_S,"(5764, 'A')",0.2
hCoV-19_Wuhan_WIV04_2019_EPI_ISL_402124_2019-12-30,5765,G,0,2,0,8,G,C,2,False,10,0.2,0.8,0.8,6_09_S,"(5765, 'C')",0.2
hCoV-19_Wuhan_WIV04_2019_EPI_ISL_402124_2019-12-30,5773,A,9,0,0,2,A,G,2,False,11,0.18181818181818185,0.8181818181818182,0.8181818181818182,6_09_S,"(5773, 'G')",0.18181818181818182
hCoV-19_Wuhan_WIV04_2019_EPI_ISL_402124_2019-12-30,5774,A,9,2,0,0,A,C,2,False,11,0.18181818181818185,0.8181818181818182,0.8181818181818182,6_09_S,"(5774, 'C')",0.18181818181818182
hCoV-19_Wuhan_WIV04_2019_EPI_ISL_402124_2019-12-30,9583,G,0,0,2,8,G,T,2,False,10,0.2,0.8,0.8,6_09_S,"(9583, 'T')",0.2
hCoV-19_Wuhan_WIV04_2019_EPI_ISL_402124_2019-12-30,17696,A,9,0,0,2,A,G,2,False,11,0.18181818181818185,0.8181818181818182,0.8181818181818182,6_09_S,"(17696, 'G')",0.18181818181818182
hCoV-19_Wuhan_WIV04_2019_EPI_ISL_402124_2019-12-30,18997,C,0,7,2,0,C,T,2,False,9,0.2222222222222222,0.7777777777777778,0.7777777777777778,6_09_S,"(18997, 'T')",0.2222222222222222
hCoV-19_Wuhan_WIV04_2019_EPI_ISL_402124_2019-12-30,21074,T,0,2,6,0,T,C,2,False,8,0.25,0.75,0.75,6_09_S,"(21074, 'C')",0.25
hCoV-19_Wuhan_WIV04_2019_EPI_ISL_402124_2019-12-30,22441,G,0,2,0,8,G,C,2,False,10,0.2,0.8,0.8,6_09_S,"(22441, 'C')",0.2
hCoV-19_Wuhan_WIV04_2019_EPI_ISL_402124_2019-12-30,23402,A,0,0,0,7,G,A,1,False,7,0.0,1.0,0.0,6_09_S,"(23402, 'G')",1.0
hCoV-19_Wuhan_WIV04_2019_EPI_ISL_402124_2019-12-30,24631,C,0,4,2,0,C,T,2,False,6,0.3333333333333333,0.6666666666666666,0.6666666666666666,6_09_S,"(24631, 'T')",0.3333333333333333
hCoV-19_Wuhan_WIV04_2019_EPI_ISL_402124_2019-12-30,24636,T,2,0,3,0,T,A,2,False,5,0.4,0.6,0.6,6_09_S,"(24636, 'A')",0.4
hCoV-19_Wuhan_WIV04_2019_EPI_ISL_402124_2019-12-30,25562,G,0,0,2,5,G,T,2,False,7,0.2857142857142857,0.7142857142857143,0.7142857142857143,6_09_S,"(25562, 'T')",0.2857142857142857
hCoV-19_Wuhan_WIV04_2019_EPI_ISL_402124_2019-12-30,27512,C,0,9,2,0,C,T,2,False,11,0.18181818181818185,0.8181818181818182,0.8181818181818182,6_09_S,"(27512, 'T')",0.18181818181818182
hCoV-19_Wuhan_WIV04_2019_EPI_ISL_402124_2019-12-30,28000,G,0,0,2,7,G,T,2,False,9,0.2222222222222222,0.7777777777777778,0.7777777777777778,6_09_S,"(28000, 'T')",0.2222222222222222
hCoV-19_Wuhan_WIV04_2019_EPI_ISL_402124_2019-12-30,28377,G,0,0,8,20,G,T,2,False,28,0.2857142857142857,0.7142857142857143,0.7142857142857143,6_09_S,"(28377, 'T')",0.2857142857142857
hCoV-19_Wuhan_WIV04_2019_EPI_ISL_402124_2019-12-30,28880,G,18,0,0,7,A,G,2,False,25,0.28,0.72,0.28,6_09_S,"(28880, 'A')",0.72
hCoV-19_Wuhan_WIV04_2019_EPI_ISL_402124_2019-12-30,28881,G,18,0,0,7,A,G,2,False,25,0.28,0.72,0.28,6_09_S,"(28881, 'A')",0.72
hCoV-19_Wuhan_WIV04_2019_EPI_ISL_402124_2019-12-30,28882,G,0,18,0,7,C,G,2,False,25,0.28,0.72,0.28,6_09_S,"(28882, 'C')",0.72
hCoV-19_Wuhan_WIV04_2019_EPI_ISL_402124_2019-12-30,29448,G,0,0,2,12,G,T,2,False,14,0.14285714285714285,0.8571428571428571,0.8571428571428571,6_09_S,"(29448, 'T')",0.14285714285714285
